Date,Overall AQI Value,Main Pollutant,Site Name (of Overall AQI),Site ID (of Overall AQI),Source (of Overall AQI),Ozone,PM10,PM25
1/1/2021,48,PM2.5,Oakridge - (OAK),41-039-2013,AQS,.,9,48
1/2/2021,46,PM2.5,Oakridge - (OAK),41-039-2013,AQS,.,11,46
1/3/2021,33,PM2.5,Cottage Grove - City Shops (CGC),41-039-9004,AQS,.,6,33
1/4/2021,31,PM2.5,Oakridge - (OAK),41-039-2013,AQS,.,10,31
1/5/2021,48,PM2.5,Oakridge - (OAK),41-039-2013,AQS,.,10,48
1/6/2021,42,PM2.5,Oakridge - (OAK),41-039-2013,AQS,.,11,42
1/7/2021,38,PM2.5,Eugene - Hwy 99 (E99),41-039-0059,AQS,.,14,38
1/8/2021,30,PM2.5,Oakridge - (OAK),41-039-2013,AQS,.,10,30
1/9/2021,42,PM2.5,Eugene - Hwy 99 (E99),41-039-0059,AQS,.,10,42
1/10/2021,47,PM2.5,Cottage Grove - City Shops (CGC),41-039-9004,AQS,.,9,47
1/11/2021,43,PM2.5,Cottage Grove - City Shops (CGC),41-039-9004,AQS,.,10,43
1/12/2021,24,PM2.5,"
",41-039-0100,AQS,.,5,24
1/13/2021,35,PM2.5,Eugene - Hwy 99 (E99),41-039-0059,AQS,.,15,35
1/14/2021,52,PM2.5,Eugene - Hwy 99 (E99),41-039-0059,AQS,.,22,52
1/15/2021,33,PM2.5,Cottage Grove - City Shops (CGC),41-039-9004,AQS,.,12,33
1/16/2021,45,PM2.5,Eugene - Hwy 99 (E99),41-039-0059,AQS,.,12,45
1/17/2021,35,PM2.5,Oakridge - (OAK),41-039-2013,AQS,.,11,35
1/18/2021,54,PM2.5,Eugene - Hwy 99 (E99),41-039-0059,AQS,.,18,54
1/19/2021,68,PM2.5,Oakridge - (OAK),41-039-2013,AQS,.,21,68
1/20/2021,92,PM2.5,Eugene - Hwy 99 (E99),41-039-0059,AQS,.,41,92
1/21/2021,77,PM2.5,Oakridge - (OAK),41-039-2013,AQS,.,27,77
1/22/2021,59,PM2.5,Oakridge - (OAK),41-039-2013,AQS,.,18,59
1/23/2021,68,PM2.5,Cottage Grove - City Shops (CGC),41-039-9004,AQS,.,24,68
1/24/2021,54,PM2.5,Oakridge - (OAK),41-039-2013,AQS,.,15,54
1/25/2021,38,PM2.5,Cottage Grove - City Shops (CGC),41-039-9004,AQS,.,10,38
1/26/2021,40,PM2.5,Cottage Grove - City Shops (CGC),41-039-9004,AQS,.,11,40
1/27/2021,48,PM2.5,Cottage Grove - City Shops (CGC),41-039-9004,AQS,.,9,48
1/28/2021,39,PM2.5,Oakridge - (OAK),41-039-2013,AQS,.,11,39
1/29/2021,27,PM2.5,Cottage Grove - City Shops (CGC),41-039-9004,AQS,.,12,27
1/30/2021,54,PM2.5,Cottage Grove - City Shops (CGC),41-039-9004,AQS,.,12,54
1/31/2021,39,PM2.5,Oakridge - (OAK),41-039-2013,AQS,.,8,39
2/1/2021,40,PM2.5,Cottage Grove - City Shops (CGC),41-039-9004,AQS,.,10,40
2/2/2021,20,PM2.5,Oakridge - (OAK),41-039-2013,AQS,.,6,20
2/3/2021,28,PM2.5,Oakridge - (OAK),41-039-2013,AQS,.,7,28
2/4/2021,45,PM2.5,Oakridge - (OAK),41-039-2013,AQS,.,12,45
2/5/2021,27,PM2.5,Cottage Grove - City Shops (CGC),41-039-9004,AQS,.,8,27
2/6/2021,22,PM2.5,Oakridge - (OAK),41-039-2013,AQS,.,6,22
2/7/2021,30,PM2.5,Cottage Grove - City Shops (CGC),41-039-9004,AQS,.,7,30
2/8/2021,37,PM2.5,Eugene - Hwy 99 (E99),41-039-0059,AQS,.,18,37
2/9/2021,56,PM2.5,Oakridge - (OAK),41-039-2013,AQS,.,19,56
2/10/2021,64,PM2.5,Eugene - Hwy 99 (E99),41-039-0059,AQS,.,27,64
2/11/2021,63,PM2.5,Oakridge - (OAK),41-039-2013,AQS,.,17,63
2/12/2021,33,PM2.5,Cottage Grove - City Shops (CGC),41-039-9004,AQS,.,11,33
2/13/2021,18,PM2.5,"
",41-039-0100,AQS,.,9,18
2/14/2021,33,PM2.5,Oakridge - (OAK),41-039-2013,AQS,.,7,33
2/15/2021,20,PM2.5,Oakridge - (OAK),41-039-2013,AQS,.,6,20
2/16/2021,18,PM2.5,"
",41-039-0100,AQS,.,8,18
2/17/2021,33,PM2.5,Oakridge - (OAK),41-039-2013,AQS,.,15,33
2/18/2021,37,PM2.5,Oakridge - (OAK),41-039-2013,AQS,.,9,37
2/19/2021,28,PM2.5,Oakridge - (OAK),41-039-2013,AQS,.,6,28
2/20/2021,24,PM2.5,Cottage Grove - City Shops (CGC),41-039-9004,AQS,.,8,24
2/21/2021,25,PM2.5,Oakridge - (OAK),41-039-2013,AQS,.,7,25
2/22/2021,22,PM2.5,Oakridge - (OAK),41-039-2013,AQS,.,8,22
2/23/2021,27,PM2.5,Cottage Grove - City Shops (CGC),41-039-9004,AQS,.,11,27
2/24/2021,50,PM2.5,Oakridge - (OAK),41-039-2013,AQS,.,15,50
2/25/2021,25,PM2.5,Eugene - Hwy 99 (E99),41-039-0059,AQS,.,11,25
2/26/2021,26,PM2.5,"
",41-039-0100,AQS,.,9,26
2/27/2021,29,PM2.5,"
",41-039-0100,AQS,.,12,29
2/28/2021,40,PM2.5,Cottage Grove - City Shops (CGC),41-039-9004,AQS,.,10,40
3/1/2021,46,PM2.5,Oakridge - (OAK),41-039-2013,AQS,.,15,46
3/2/2021,56,PM2.5,Eugene - Hwy 99 (E99),41-039-0059,AQS,.,26,56
3/3/2021,64,PM2.5,Oakridge - (OAK),41-039-2013,AQS,.,22,64
3/4/2021,63,PM2.5,Oakridge - (OAK),41-039-2013,AQS,.,22,63
3/5/2021,56,PM2.5,Oakridge - (OAK),41-039-2013,AQS,.,17,56
3/6/2021,24,PM2.5,Cottage Grove - City Shops (CGC),41-039-9004,AQS,.,6,24
3/7/2021,44,PM2.5,Oakridge - (OAK),41-039-2013,AQS,.,13,44
3/8/2021,42,PM2.5,Oakridge - (OAK),41-039-2013,AQS,.,16,42
3/9/2021,28,PM2.5,Cottage Grove - City Shops (CGC),41-039-9004,AQS,.,7,28
3/10/2021,35,PM2.5,Eugene - AMAZON PARK (EAP),41-039-0060,AQS,.,8,35
3/11/2021,52,PM2.5,Eugene - Hwy 99 (E99),41-039-0059,AQS,.,19,52
3/12/2021,66,PM2.5,Eugene - Hwy 99 (E99),41-039-0059,AQS,.,29,66
3/13/2021,60,PM2.5,Oakridge - (OAK),41-039-2013,AQS,.,19,60
3/14/2021,37,PM2.5,Oakridge - (OAK),41-039-2013,AQS,.,11,37
3/15/2021,24,PM2.5,Eugene - Hwy 99 (E99),41-039-0059,AQS,.,10,24
3/16/2021,40,PM2.5,Oakridge - (OAK),41-039-2013,AQS,.,16,40
3/17/2021,51,PM2.5,Oakridge - (OAK),41-039-2013,AQS,.,24,51
3/18/2021,33,PM2.5,Oakridge - (OAK),41-039-2013,AQS,.,14,33
3/19/2021,28,PM2.5,Cottage Grove - City Shops (CGC),41-039-9004,AQS,.,9,28
3/20/2021,19,PM2.5,Cottage Grove - City Shops (CGC),41-039-9004,AQS,.,6,19
3/21/2021,19,PM2.5,Eugene - Hwy 99 (E99),41-039-0059,AQS,.,8,19
3/22/2021,19,PM2.5,Oakridge - (OAK),41-039-2013,AQS,.,8,19
3/23/2021,42,PM2.5,Eugene - Hwy 99 (E99),41-039-0059,AQS,.,18,42
3/24/2021,28,PM2.5,Cottage Grove - City Shops (CGC),41-039-9004,AQS,.,12,28
3/25/2021,18,PM2.5,Eugene - Hwy 99 (E99),41-039-0059,AQS,.,8,18
3/26/2021,43,PM2.5,Eugene - Hwy 99 (E99),41-039-0059,AQS,.,20,43
3/27/2021,51,PM2.5,Eugene - Hwy 99 (E99),41-039-0059,AQS,.,22,51
3/28/2021,25,PM2.5,Oakridge - (OAK),41-039-2013,AQS,.,15,25
3/29/2021,25,PM2.5,Eugene - Hwy 99 (E99),41-039-0059,AQS,.,15,25
3/30/2021,55,PM2.5,Oakridge - (OAK),41-039-2013,AQS,.,27,55
3/31/2021,61,PM2.5,Eugene - Hwy 99 (E99),41-039-0059,AQS,.,34,61
4/1/2021,55,PM2.5,Oakridge - (OAK),41-039-2013,AQS,.,26,55
4/2/2021,51,PM2.5,Oakridge - (OAK),41-039-2013,AQS,.,29,51
4/3/2021,56,PM2.5,Eugene - Hwy 99 (E99),41-039-0059,AQS,.,29,56
4/4/2021,41,PM2.5,Oakridge - (OAK),41-039-2013,AQS,.,19,41
4/5/2021,29,PM10,Eugene - Hwy 99 (E99),41-039-0059,AQS,.,29,27
4/6/2021,48,PM2.5,Oakridge - (OAK),41-039-2013,AQS,.,31,48
4/7/2021,36,PM2.5,Oakridge - (OAK),41-039-2013,AQS,.,17,36
4/8/2021,29,PM2.5,Oakridge - (OAK),41-039-2013,AQS,.,10,29
4/9/2021,32,PM10,Oakridge - (OAK),41-039-2013,AQS,.,32,29
4/10/2021,17,PM2.5,Oakridge - (OAK),41-039-2013,AQS,.,10,17
4/11/2021,31,PM2.5,Cottage Grove - City Shops (CGC),41-039-9004,AQS,.,14,31
4/12/2021,40,PM2.5,Oakridge - (OAK),41-039-2013,AQS,.,27,40
4/13/2021,45,PM10,Eugene - Hwy 99 (E99),41-039-0059,AQS,.,45,29
4/14/2021,36,PM2.5,Oakridge - (OAK),41-039-2013,AQS,.,31,36
4/15/2021,42,PM2.5,Oakridge - (OAK),41-039-2013,AQS,.,26,42
4/16/2021,41,PM2.5,Cottage Grove - City Shops (CGC),41-039-9004,AQS,.,32,41
4/17/2021,30,PM2.5,Cottage Grove - City Shops (CGC),41-039-9004,AQS,.,24,30
4/18/2021,21,PM2.5,Springfield - City Hall,41-039-1009,AQS,.,16,21
4/19/2021,25,PM2.5,Eugene - Hwy 99 (E99),41-039-0059,AQS,.,25,25
4/20/2021,33,PM10,Eugene - Hwy 99 (E99),41-039-0059,AQS,.,33,26
4/21/2021,32,PM2.5,Eugene - Hwy 99 (E99),41-039-0059,AQS,.,27,32
4/22/2021,30,PM2.5,Oakridge - (OAK),41-039-2013,AQS,.,19,30
4/23/2021,33,PM2.5,Eugene - Hwy 99 (E99),41-039-0059,AQS,.,21,33
4/24/2021,22,PM2.5,Cottage Grove - City Shops (CGC),41-039-9004,AQS,.,7,22
4/25/2021,14,PM2.5,Cottage Grove - City Shops (CGC),41-039-9004,AQS,.,6,14
4/26/2021,15,PM2.5,Cottage Grove - City Shops (CGC),41-039-9004,AQS,.,8,15
4/27/2021,23,PM2.5,Eugene - Hwy 99 (E99),41-039-0059,AQS,.,14,23
4/28/2021,26,PM2.5,Eugene - Hwy 99 (E99),41-039-0059,AQS,.,17,26
4/29/2021,21,PM2.5,Springfield - City Hall,41-039-1009,AQS,.,11,21
4/30/2021,25,PM2.5,Oakridge - (OAK),41-039-2013,AQS,.,13,25
5/1/2021,27,Ozone,Eugene - AMAZON PARK (EAP),41-039-0060,AQS,27,3,13
5/2/2021,33,Ozone,Eugene - AMAZON PARK (EAP),41-039-0060,AQS,33,4,17
5/3/2021,31,Ozone,Eugene - AMAZON PARK (EAP),41-039-0060,AQS,31,5,16
5/4/2021,39,Ozone,Eugene - AMAZON PARK (EAP),41-039-0060,AQS,39,8,17
5/5/2021,38,Ozone,Eugene - Saginaw,41-039-1007,AQS,38,19,34
5/6/2021,37,Ozone,Eugene - Saginaw,41-039-1007,AQS,37,14,18
5/7/2021,32,Ozone,Eugene - AMAZON PARK (EAP),41-039-0060,AQS,32,6,19
5/8/2021,33,Ozone,Eugene - AMAZON PARK (EAP),41-039-0060,AQS,33,8,21
5/9/2021,36,Ozone,Eugene - Saginaw,41-039-1007,AQS,36,6,17
5/10/2021,37,Ozone,Eugene - AMAZON PARK (EAP),41-039-0060,AQS,37,13,18
5/11/2021,50,Ozone,Eugene - Saginaw,41-039-1007,AQS,50,32,23
5/12/2021,49,Ozone,Eugene - AMAZON PARK (EAP),41-039-0060,AQS,49,19,27
5/13/2021,41,Ozone,Eugene - AMAZON PARK (EAP),41-039-0060,AQS,41,17,20
5/14/2021,42,Ozone,Eugene - Saginaw,41-039-1007,AQS,42,16,19
5/15/2021,44,Ozone,Eugene - Saginaw,41-039-1007,AQS,44,18,23
5/16/2021,44,Ozone,Eugene - AMAZON PARK (EAP),41-039-0060,AQS,44,17,33
5/17/2021,31,PM2.5,Oakridge - (OAK),41-039-2013,AQS,31,14,31
5/18/2021,38,Ozone,Eugene - Saginaw,41-039-1007,AQS,38,8,17
5/19/2021,34,Ozone,Eugene - AMAZON PARK (EAP),41-039-0060,AQS,34,7,15
5/20/2021,32,Ozone,Eugene - AMAZON PARK (EAP),41-039-0060,AQS,32,6,21
5/21/2021,32,Ozone,Eugene - AMAZON PARK (EAP),41-039-0060,AQS,32,11,30
5/22/2021,33,Ozone,Eugene - AMAZON PARK (EAP),41-039-0060,AQS,33,8,27
5/23/2021,29,Ozone,Eugene - Saginaw,41-039-1007,AQS,29,6,15
5/24/2021,22,Ozone,Eugene - Saginaw,41-039-1007,AQS,22,4,12
5/25/2021,28,Ozone,Eugene - Saginaw,41-039-1007,AQS,28,4,14
5/26/2021,28,Ozone,Eugene - AMAZON PARK (EAP),41-039-0060,AQS,28,7,21
5/27/2021,31,Ozone,Eugene - AMAZON PARK (EAP),41-039-0060,AQS,31,8,18
5/28/2021,36,Ozone,Eugene - AMAZON PARK (EAP),41-039-0060,AQS,36,13,21
5/29/2021,40,Ozone,Eugene - AMAZON PARK (EAP),41-039-0060,AQS,40,10,20
5/30/2021,43,Ozone,Eugene - AMAZON PARK (EAP),41-039-0060,AQS,43,12,27
5/31/2021,54,Ozone,Eugene - AMAZON PARK (EAP),41-039-0060,AQS,54,17,39
6/1/2021,61,Ozone,Eugene - Saginaw,41-039-1007,AQS,61,20,31
6/2/2021,36,Ozone,Eugene - AMAZON PARK (EAP),41-039-0060,AQS,36,12,31
6/3/2021,31,Ozone,Eugene - Saginaw,41-039-1007,AQS,31,10,22
6/4/2021,41,Ozone,Eugene - Saginaw,41-039-1007,AQS,41,8,16
6/5/2021,35,Ozone,Eugene - Saginaw,41-039-1007,AQS,35,6,17
6/6/2021,32,Ozone,Eugene - Saginaw,41-039-1007,AQS,32,7,16
6/7/2021,31,Ozone,Eugene - Saginaw,41-039-1007,AQS,31,12,16
6/8/2021,30,Ozone,Eugene - Saginaw,41-039-1007,AQS,30,6,14
6/9/2021,31,Ozone,Eugene - AMAZON PARK (EAP),41-039-0060,AQS,31,7,17
6/10/2021,32,Ozone,Eugene - Saginaw,41-039-1007,AQS,32,7,19
6/11/2021,26,Ozone,Eugene - AMAZON PARK (EAP),41-039-0060,AQS,26,8,16
6/12/2021,26,Ozone,Eugene - AMAZON PARK (EAP),41-039-0060,AQS,26,7,16
6/13/2021,20,Ozone,Eugene - AMAZON PARK (EAP),41-039-0060,AQS,20,5,19
6/14/2021,27,Ozone,Eugene - AMAZON PARK (EAP),41-039-0060,AQS,27,5,13
6/15/2021,26,Ozone,Eugene - AMAZON PARK (EAP),41-039-0060,AQS,26,6,14
6/16/2021,38,Ozone,Eugene - AMAZON PARK (EAP),41-039-0060,AQS,38,11,20
6/17/2021,46,Ozone,Eugene - AMAZON PARK (EAP),41-039-0060,AQS,46,15,21
6/18/2021,40,Ozone,Eugene - Saginaw,41-039-1007,AQS,40,13,21
6/19/2021,37,Ozone,Eugene - AMAZON PARK (EAP),41-039-0060,AQS,37,15,18
6/20/2021,40,Ozone,Eugene - AMAZON PARK (EAP),41-039-0060,AQS,40,14,37
6/21/2021,59,PM2.5,Springfield - City Hall,41-039-1009,AQS,33,19,59
6/22/2021,34,Ozone,Eugene - Saginaw,41-039-1007,AQS,34,11,28
6/23/2021,27,Ozone,Eugene - AMAZON PARK (EAP),41-039-0060,AQS,27,12,23
6/24/2021,40,Ozone,Eugene - AMAZON PARK (EAP),41-039-0060,AQS,40,25,21
6/25/2021,42,Ozone,Eugene - AMAZON PARK (EAP),41-039-0060,AQS,42,22,33
6/26/2021,47,Ozone,Eugene - AMAZON PARK (EAP),41-039-0060,AQS,47,20,46
6/27/2021,74,Ozone,Eugene - AMAZON PARK (EAP),41-039-0060,AQS,74,25,59
6/28/2021,53,PM2.5,Springfield - City Hall,41-039-1009,AQS,31,24,53
6/29/2021,27,PM2.5,Springfield - City Hall,41-039-1009,AQS,18,15,27
6/30/2021,35,PM2.5,Springfield - City Hall,41-039-1009,AQS,17,11,35
7/1/2021,28,PM2.5,Eugene - Hwy 99 (E99),41-039-0059,AQS,24,15,28
7/2/2021,45,PM2.5,Springfield - City Hall,41-039-1009,AQS,45,25,45
7/3/2021,48,PM2.5,Springfield - City Hall,41-039-1009,AQS,43,21,48
7/4/2021,81,PM2.5,Cottage Grove - City Shops (CGC),41-039-9004,AQS,37,23,81
7/5/2021,45,Ozone,Eugene - AMAZON PARK (EAP),41-039-0060,AQS,45,25,31
7/6/2021,44,Ozone,Eugene - Saginaw,41-039-1007,AQS,44,21,24
7/7/2021,30,Ozone,Eugene - AMAZON PARK (EAP),41-039-0060,AQS,30,23,14
7/8/2021,31,Ozone,Eugene - AMAZON PARK (EAP),41-039-0060,AQS,31,18,22
7/9/2021,46,Ozone,Eugene - Saginaw,41-039-1007,AQS,46,27,25
7/10/2021,41,Ozone,Eugene - Saginaw,41-039-1007,AQS,41,29,30
7/11/2021,42,Ozone,Eugene - AMAZON PARK (EAP),41-039-0060,AQS,42,18,26
7/12/2021,41,Ozone,Eugene - Saginaw,41-039-1007,AQS,41,28,27
7/13/2021,40,Ozone,Eugene - Saginaw,41-039-1007,AQS,40,30,31
7/14/2021,38,Ozone,Eugene - Saginaw,41-039-1007,AQS,38,20,33
7/15/2021,31,Ozone,Eugene - Saginaw,41-039-1007,AQS,31,19,20
7/16/2021,29,Ozone,Eugene - AMAZON PARK (EAP),41-039-0060,AQS,29,12,16
7/17/2021,29,Ozone,Eugene - AMAZON PARK (EAP),41-039-0060,AQS,29,13,13
7/18/2021,33,Ozone,Eugene - Saginaw,41-039-1007,AQS,33,10,16
7/19/2021,31,Ozone,Eugene - Saginaw,41-039-1007,AQS,31,20,15
7/20/2021,29,Ozone,Eugene - Saginaw,41-039-1007,AQS,29,16,14
7/21/2021,32,Ozone,Eugene - Saginaw,41-039-1007,AQS,32,19,19
7/22/2021,34,Ozone,Eugene - Saginaw,41-039-1007,AQS,34,22,13
7/23/2021,42,Ozone,Eugene - Saginaw,41-039-1007,AQS,42,35,16
7/24/2021,45,Ozone,Eugene - Saginaw,41-039-1007,AQS,45,27,23
7/25/2021,33,Ozone,Eugene - Saginaw,41-039-1007,AQS,33,14,23
7/26/2021,38,Ozone,Eugene - Saginaw,41-039-1007,AQS,38,27,18
7/27/2021,43,PM10,Eugene - Hwy 99 (E99),41-039-0059,AQS,43,43,32
7/28/2021,54,PM10,Eugene - Hwy 99 (E99),41-039-0059,AQS,50,54,49
7/29/2021,93,Ozone,Eugene - Saginaw,41-039-1007,AQS,93,45,48
7/30/2021,83,PM2.5,Oakridge - (OAK),41-039-2013,AQS,49,48,83
7/31/2021,75,PM2.5,Oakridge - (OAK),41-039-2013,AQS,46,29,75
8/1/2021,153,PM2.5,Oakridge - (OAK),41-039-2013,AQS,54,55,153
8/2/2021,87,PM2.5,Oakridge - (OAK),41-039-2013,AQS,47,41,87
8/3/2021,103,PM2.5,Oakridge - (OAK),41-039-2013,AQS,50,42,103
8/4/2021,154,PM2.5,Oakridge - (OAK),41-039-2013,AQS,64,59,154
8/5/2021,68,PM2.5,Oakridge - (OAK),41-039-2013,AQS,11,23,68
8/6/2021,82,PM2.5,Oakridge - (OAK),41-039-2013,AQS,19,28,82
8/7/2021,85,PM2.5,Oakridge - (OAK),41-039-2013,AQS,23,32,85
8/8/2021,40,PM2.5,Oakridge - (OAK),41-039-2013,AQS,37,16,40
8/9/2021,117,PM2.5,Oakridge - (OAK),41-039-2013,AQS,39,51,117
8/10/2021,162,PM2.5,Oakridge - (OAK),41-039-2013,AQS,41,65,162
8/11/2021,166,PM2.5,Oakridge - (OAK),41-039-2013,AQS,77,69,166
8/12/2021,179,PM2.5,Oakridge - (OAK),41-039-2013,AQS,101,83,179
8/13/2021,178,PM2.5,Oakridge - (OAK),41-039-2013,AQS,35,80,178
8/14/2021,182,PM2.5,Oakridge - (OAK),41-039-2013,AQS,45,87,182
8/15/2021,109,PM2.5,Oakridge - (OAK),41-039-2013,AQS,34,44,109
8/16/2021,76,PM2.5,Oakridge - (OAK),41-039-2013,AQS,19,30,76
8/17/2021,31,Ozone,Eugene - AMAZON PARK (EAP),41-039-0060,AQS,31,11,22
8/18/2021,97,PM2.5,Oakridge - (OAK),41-039-2013,AQS,32,44,97
8/19/2021,71,PM2.5,Oakridge - (OAK),41-039-2013,AQS,28,31,71
8/20/2021,58,PM2.5,"
",41-039-0070,AQS,30,12,58
8/21/2021,29,Ozone,Eugene - AMAZON PARK (EAP),41-039-0060,AQS,29,6,17
8/22/2021,70,PM2.5,Oakridge - (OAK),41-039-2013,AQS,31,25,70
8/23/2021,52,PM2.5,Oakridge - (OAK),41-039-2013,AQS,42,41,52
8/24/2021,120,PM2.5,Oakridge - (OAK),41-039-2013,AQS,41,49,120
8/25/2021,91,PM2.5,Oakridge - (OAK),41-039-2013,AQS,34,37,91
8/26/2021,60,PM2.5,"
",41-039-0070,AQS,27,16,60
8/27/2021,42,Ozone,Eugene - Saginaw,41-039-1007,AQS,42,29,39
8/28/2021,116,PM2.5,Oakridge - (OAK),41-039-2013,AQS,48,46,116
8/29/2021,94,PM2.5,Oakridge - (OAK),41-039-2013,AQS,49,38,94
8/30/2021,37,Ozone,Eugene - AMAZON PARK (EAP),41-039-0060,AQS,37,19,28
8/31/2021,58,PM2.5,Oakridge - (OAK),41-039-2013,AQS,40,31,58
9/1/2021,89,PM2.5,Oakridge - (OAK),41-039-2013,AQS,39,37,89
9/2/2021,125,PM2.5,Oakridge - (OAK),41-039-2013,AQS,48,52,125
9/3/2021,153,PM2.5,Oakridge - (OAK),41-039-2013,AQS,45,58,153
9/4/2021,170,PM2.5,"
",41-039-0070,AQS,44,67,170
9/5/2021,152,PM2.5,Oakridge - (OAK),41-039-2013,AQS,31,54,152
9/6/2021,165,PM2.5,Oakridge - (OAK),41-039-2013,AQS,38,66,165
9/7/2021,205,PM2.5,Oakridge - (OAK),41-039-2013,AQS,36,102,205
9/8/2021,176,PM2.5,Oakridge - (OAK),41-039-2013,AQS,50,79,176
9/9/2021,151,PM2.5,Oakridge - (OAK),41-039-2013,AQS,33,55,151
9/10/2021,25,Ozone,Eugene - AMAZON PARK (EAP),41-039-0060,AQS,25,14,23
9/11/2021,62,PM2.5,Oakridge - (OAK),41-039-2013,AQS,38,21,62
9/12/2021,58,PM2.5,Oakridge - (OAK),41-039-2013,AQS,30,18,58
9/13/2021,46,PM2.5,Oakridge - (OAK),41-039-2013,AQS,38,35,46
9/14/2021,50,PM2.5,Oakridge - (OAK),41-039-2013,AQS,40,34,50
9/15/2021,40,PM2.5,Oakridge - (OAK),41-039-2013,AQS,38,31,40
9/16/2021,97,PM2.5,Oakridge - (OAK),41-039-2013,AQS,36,47,97
9/17/2021,90,PM2.5,Oakridge - (OAK),41-039-2013,AQS,42,35,90
9/18/2021,37,Ozone,Eugene - AMAZON PARK (EAP),41-039-0060,AQS,37,5,20
9/19/2021,28,Ozone,Eugene - Saginaw,41-039-1007,AQS,28,6,21
9/20/2021,31,Ozone,Eugene - AMAZON PARK (EAP),41-039-0060,AQS,31,11,24
9/21/2021,32,PM2.5,Eugene - Hwy 99 (E99),41-039-0059,AQS,30,17,32
9/22/2021,31,Ozone,Eugene - AMAZON PARK (EAP),41-039-0060,AQS,31,12,27
9/23/2021,30,PM2.5,"
",41-039-0100,AQS,27,10,30
9/24/2021,41,PM2.5,Eugene - Hwy 99 (E99),41-039-0059,AQS,36,21,41
9/25/2021,47,PM2.5,Springfield - City Hall,41-039-1009,AQS,33,14,47
9/26/2021,30,Ozone,Eugene - AMAZON PARK (EAP),41-039-0060,AQS,30,6,20
9/27/2021,28,Ozone,Eugene - AMAZON PARK (EAP),41-039-0060,AQS,28,3,18
9/28/2021,29,PM2.5,"
",41-039-0100,AQS,26,7,29
9/29/2021,24,Ozone,Eugene - AMAZON PARK (EAP),41-039-0060,AQS,24,7,19
9/30/2021,24,Ozone,Eugene - AMAZON PARK (EAP),41-039-0060,AQS,24,7,22
10/1/2021,34,PM2.5,Eugene - Hwy 99 (E99),41-039-0059,AQS,.,13,34
10/2/2021,53,PM2.5,Eugene - Hwy 99 (E99),41-039-0059,AQS,.,18,53
10/3/2021,46,PM2.5,Eugene - Hwy 99 (E99),41-039-0059,AQS,.,14,46
10/4/2021,56,PM2.5,Eugene - Hwy 99 (E99),41-039-0059,AQS,.,21,56
10/5/2021,34,PM2.5,Eugene - Hwy 99 (E99),41-039-0059,AQS,.,12,34
10/6/2021,15,PM2.5,Eugene - Hwy 99 (E99),41-039-0059,AQS,.,6,15
10/7/2021,39,PM2.5,Eugene - Hwy 99 (E99),41-039-0059,AQS,.,12,39
10/8/2021,24,PM2.5,Oakridge - (OAK),41-039-2013,AQS,.,9,24
10/9/2021,29,PM2.5,Cottage Grove - City Shops (CGC),41-039-9004,AQS,.,8,29
10/10/2021,18,PM2.5,Eugene - Hwy 99 (E99),41-039-0059,AQS,.,6,18
10/11/2021,20,PM2.5,Eugene - Hwy 99 (E99),41-039-0059,AQS,.,8,20
10/12/2021,27,PM2.5,Cottage Grove - City Shops (CGC),41-039-9004,AQS,.,10,27
10/13/2021,25,PM2.5,Cottage Grove - City Shops (CGC),41-039-9004,AQS,.,7,25
10/14/2021,31,PM2.5,Cottage Grove - City Shops (CGC),41-039-9004,AQS,.,10,31
10/15/2021,34,PM2.5,Cottage Grove - City Shops (CGC),41-039-9004,AQS,.,11,34
10/16/2021,46,PM2.5,Cottage Grove - City Shops (CGC),41-039-9004,AQS,.,16,46
10/17/2021,28,PM2.5,Eugene - Hwy 99 (E99),41-039-0059,AQS,.,10,28
10/18/2021,25,PM2.5,Oakridge - (OAK),41-039-2013,AQS,.,7,25
10/19/2021,59,PM2.5,Eugene - Hwy 99 (E99),41-039-0059,AQS,.,20,59
10/20/2021,33,PM2.5,"
",41-039-0100,AQS,.,11,33
10/21/2021,40,PM2.5,Cottage Grove - City Shops (CGC),41-039-9004,AQS,.,13,40
10/22/2021,43,PM2.5,Cottage Grove - City Shops (CGC),41-039-9004,AQS,.,7,43
10/23/2021,38,PM2.5,Cottage Grove - City Shops (CGC),41-039-9004,AQS,.,7,38
10/24/2021,24,PM2.5,"
",41-039-0100,AQS,.,7,24
10/25/2021,28,PM2.5,"
",41-039-0100,AQS,.,7,28
10/26/2021,26,PM2.5,Oakridge - (OAK),41-039-2013,AQS,.,10,26
10/27/2021,54,PM2.5,Eugene - Hwy 99 (E99),41-039-0059,AQS,.,20,54
10/28/2021,45,PM2.5,Cottage Grove - City Shops (CGC),41-039-9004,AQS,.,16,45
10/29/2021,24,PM2.5,Oakridge - (OAK),41-039-2013,AQS,.,7,24
10/30/2021,57,PM2.5,Cottage Grove - City Shops (CGC),41-039-9004,AQS,.,13,57
10/31/2021,59,PM2.5,Eugene - Hwy 99 (E99),41-039-0059,AQS,.,20,59
11/1/2021,50,PM2.5,Eugene - Hwy 99 (E99),41-039-0059,AQS,.,14,50
11/2/2021,50,PM2.5,Eugene - Hwy 99 (E99),41-039-0059,AQS,.,16,50
11/3/2021,58,PM2.5,Eugene - Hwy 99 (E99),41-039-0059,AQS,.,19,58
11/4/2021,21,PM2.5,Eugene - Hwy 99 (E99),41-039-0059,AQS,.,8,21
11/5/2021,31,PM2.5,Cottage Grove - City Shops (CGC),41-039-9004,AQS,.,6,31
11/6/2021,22,PM2.5,Cottage Grove - City Shops (CGC),41-039-9004,AQS,.,5,22
11/7/2021,34,PM2.5,Cottage Grove - City Shops (CGC),41-039-9004,AQS,.,6,34
11/8/2021,30,PM2.5,Eugene - Hwy 99 (E99),41-039-0059,AQS,.,9,30
11/9/2021,28,PM2.5,Cottage Grove - City Shops (CGC),41-039-9004,AQS,.,13,28
11/10/2021,49,PM2.5,Cottage Grove - City Shops (CGC),41-039-9004,AQS,.,11,49
11/11/2021,35,PM2.5,Cottage Grove - City Shops (CGC),41-039-9004,AQS,.,9,35
11/12/2021,25,PM2.5,Cottage Grove - City Shops (CGC),41-039-9004,AQS,.,8,25
11/13/2021,41,PM2.5,Eugene - Hwy 99 (E99),41-039-0059,AQS,.,11,41
11/14/2021,26,PM2.5,Oakridge - (OAK),41-039-2013,AQS,.,10,26
11/15/2021,21,PM2.5,Eugene - Hwy 99 (E99),41-039-0059,AQS,.,8,21
11/16/2021,37,PM2.5,Eugene - Hwy 99 (E99),41-039-0059,AQS,.,12,37
11/17/2021,55,PM2.5,Cottage Grove - City Shops (CGC),41-039-9004,AQS,.,14,55
11/18/2021,65,PM2.5,Cottage Grove - City Shops (CGC),41-039-9004,AQS,.,18,65
11/19/2021,53,PM2.5,Cottage Grove - City Shops (CGC),41-039-9004,AQS,.,8,53
11/20/2021,66,PM2.5,Eugene - Hwy 99 (E99),41-039-0059,AQS,.,19,66
11/21/2021,64,PM2.5,Eugene - Hwy 99 (E99),41-039-0059,AQS,.,14,64
11/22/2021,52,PM2.5,Oakridge - (OAK),41-039-2013,AQS,.,16,52
11/23/2021,39,PM2.5,Eugene - Hwy 99 (E99),41-039-0059,AQS,.,12,39
11/24/2021,47,PM2.5,Eugene - Hwy 99 (E99),41-039-0059,AQS,.,11,47
11/25/2021,52,PM2.5,Cottage Grove - City Shops (CGC),41-039-9004,AQS,.,15,52
11/26/2021,52,PM2.5,Cottage Grove - City Shops (CGC),41-039-9004,AQS,.,11,52
11/27/2021,33,PM2.5,Cottage Grove - City Shops (CGC),41-039-9004,AQS,.,9,33
11/28/2021,28,PM2.5,Eugene - Hwy 99 (E99),41-039-0059,AQS,.,6,28
11/29/2021,33,PM2.5,Cottage Grove - City Shops (CGC),41-039-9004,AQS,.,10,33
11/30/2021,38,PM2.5,Oakridge - (OAK),41-039-2013,AQS,.,13,38
12/1/2021,63,PM2.5,Eugene - Hwy 99 (E99),41-039-0059,AQS,.,26,63
12/2/2021,33,PM2.5,Eugene - Hwy 99 (E99),41-039-0059,AQS,.,11,33
12/3/2021,58,PM2.5,Cottage Grove - City Shops (CGC),41-039-9004,AQS,.,12,58
12/4/2021,38,PM2.5,Eugene - Hwy 99 (E99),41-039-0059,AQS,.,10,38
12/5/2021,28,PM2.5,Eugene - Hwy 99 (E99),41-039-0059,AQS,.,8,28
12/6/2021,40,PM2.5,"
",41-039-0070,AQS,.,8,40
12/7/2021,27,PM2.5,Oakridge - (OAK),41-039-2013,AQS,.,7,27
12/8/2021,38,PM2.5,Eugene - Hwy 99 (E99),41-039-0059,AQS,.,10,38
12/9/2021,29,PM2.5,Oakridge - (OAK),41-039-2013,AQS,.,7,29
12/10/2021,33,PM2.5,Cottage Grove - City Shops (CGC),41-039-9004,AQS,.,6,33
12/11/2021,15,PM2.5,Oakridge - (OAK),41-039-2013,AQS,.,3,15
12/12/2021,28,PM2.5,Cottage Grove - City Shops (CGC),41-039-9004,AQS,.,4,28
12/13/2021,26,PM2.5,Oakridge - (OAK),41-039-2013,AQS,.,5,26
12/14/2021,32,PM2.5,Cottage Grove - City Shops (CGC),41-039-9004,AQS,.,6,32
12/15/2021,25,PM2.5,Cottage Grove - City Shops (CGC),41-039-9004,AQS,.,3,25
12/16/2021,32,PM2.5,Cottage Grove - City Shops (CGC),41-039-9004,AQS,.,5,32
12/17/2021,25,PM2.5,Eugene - Hwy 99 (E99),41-039-0059,AQS,.,9,25
12/18/2021,19,PM2.5,Oakridge - (OAK),41-039-2013,AQS,.,4,19
12/19/2021,23,PM2.5,Eugene - Hwy 99 (E99),41-039-0059,AQS,.,5,23
12/20/2021,38,PM2.5,Eugene - Hwy 99 (E99),41-039-0059,AQS,.,7,38
12/21/2021,34,PM2.5,Eugene - Hwy 99 (E99),41-039-0059,AQS,.,7,34
12/22/2021,25,PM2.5,Cottage Grove - City Shops (CGC),41-039-9004,AQS,.,7,25
12/23/2021,20,PM2.5,Oakridge - (OAK),41-039-2013,AQS,.,4,20
12/24/2021,37,PM2.5,Oakridge - (OAK),41-039-2013,AQS,.,7,37
12/25/2021,43,PM2.5,Oakridge - (OAK),41-039-2013,AQS,.,8,43
12/26/2021,25,PM2.5,Oakridge - (OAK),41-039-2013,AQS,.,6,25
12/27/2021,55,PM2.5,Oakridge - (OAK),41-039-2013,AQS,.,13,55
12/28/2021,61,PM2.5,Oakridge - (OAK),41-039-2013,AQS,.,15,61
12/29/2021,61,PM2.5,Oakridge - (OAK),41-039-2013,AQS,.,15,61
12/30/2021,56,PM2.5,Oakridge - (OAK),41-039-2013,AQS,.,9,56
12/31/2021,57,PM2.5,Oakridge - (OAK),41-039-2013,AQS,.,13,57
1/1/2022,61,PM2.5,Oakridge - (OAK),41-039-2013,AQS,.,18,61
1/2/2022,63,PM2.5,Oakridge - (OAK),41-039-2013,AQS,.,16,63
1/3/2022,36,PM2.5,Oakridge - (OAK),41-039-2013,AQS,.,7,36
1/4/2022,54,PM2.5,Oakridge - (OAK),41-039-2013,AQS,.,13,54
1/5/2022,56,PM2.5,Oakridge - (OAK),41-039-2013,AQS,.,12,56
1/6/2022,52,PM2.5,Oakridge - (OAK),41-039-2013,AQS,.,9,52
1/7/2022,23,PM2.5,Oakridge - (OAK),41-039-2013,AQS,.,5,23
1/8/2022,46,PM2.5,Cottage Grove - City Shops (CGC),41-039-9004,AQS,.,10,46
1/9/2022,56,PM2.5,Eugene - Hwy 99 (E99),41-039-0059,AQS,.,14,56
1/10/2022,63,PM2.5,Eugene - Hwy 99 (E99),41-039-0059,AQS,.,22,63
1/11/2022,64,PM2.5,Oakridge - (OAK),41-039-2013,AQS,.,17,64
1/12/2022,57,PM2.5,Oakridge - (OAK),41-039-2013,AQS,.,17,57
1/13/2022,42,PM2.5,Oakridge - (OAK),41-039-2013,AQS,.,8,42
1/14/2022,33,PM2.5,Eugene - Hwy 99 (E99),41-039-0059,AQS,.,9,33
1/15/2022,40,PM2.5,Eugene - Hwy 99 (E99),41-039-0059,AQS,.,8,40
1/16/2022,52,PM2.5,Oakridge - (OAK),41-039-2013,AQS,.,12,52
1/17/2022,56,PM2.5,Oakridge - (OAK),41-039-2013,AQS,.,17,56
1/18/2022,37,PM2.5,Oakridge - (OAK),41-039-2013,AQS,.,12,37
1/19/2022,33,PM2.5,Oakridge - (OAK),41-039-2013,AQS,.,8,33
1/20/2022,27,PM2.5,Oakridge - (OAK),41-039-2013,AQS,.,6,27
1/21/2022,25,PM2.5,Eugene - Hwy 99 (E99),41-039-0059,AQS,.,7,25
1/22/2022,48,PM2.5,Oakridge - (OAK),41-039-2013,AQS,.,11,48
1/23/2022,60,PM2.5,Oakridge - (OAK),41-039-2013,AQS,.,18,60
1/24/2022,57,PM2.5,Eugene - AMAZON PARK (EAP),41-039-0060,AQS,.,16,57
1/25/2022,71,PM2.5,Oakridge - (OAK),41-039-2013,AQS,.,22,71
1/26/2022,80,PM2.5,Oakridge - (OAK),41-039-2013,AQS,.,28,80
1/27/2022,76,PM2.5,Oakridge - (OAK),41-039-2013,AQS,.,26,76
1/28/2022,80,PM2.5,Oakridge - (OAK),41-039-2013,AQS,.,29,80
1/29/2022,93,PM2.5,Eugene - Hwy 99 (E99),41-039-0059,AQS,.,36,93
1/30/2022,64,PM2.5,Oakridge - (OAK),41-039-2013,AQS,.,18,64
1/31/2022,24,PM2.5,Eugene - Hwy 99 (E99),41-039-0059,AQS,.,7,24
2/1/2022,28,PM2.5,Eugene - Hwy 99 (E99),41-039-0059,AQS,.,8,28
2/2/2022,25,PM2.5,Oakridge - (OAK),41-039-2013,AQS,.,5,25
2/3/2022,45,PM2.5,Oakridge - (OAK),41-039-2013,AQS,.,16,45
2/4/2022,43,PM2.5,Oakridge - (OAK),41-039-2013,AQS,.,15,43
2/5/2022,56,PM2.5,Oakridge - (OAK),41-039-2013,AQS,.,14,56
2/6/2022,71,PM2.5,Oakridge - (OAK),41-039-2013,AQS,.,22,71
2/7/2022,59,PM2.5,Oakridge - (OAK),41-039-2013,AQS,.,21,59
2/8/2022,66,PM2.5,Oakridge - (OAK),41-039-2013,AQS,.,20,66
2/9/2022,63,PM2.5,Oakridge - (OAK),41-039-2013,AQS,.,20,63
2/10/2022,76,PM2.5,Eugene - Hwy 99 (E99),41-039-0059,AQS,.,26,76
2/11/2022,67,PM2.5,Eugene - Hwy 99 (E99),41-039-0059,AQS,.,24,67
2/12/2022,63,PM2.5,Oakridge - (OAK),41-039-2013,AQS,.,22,63
2/13/2022,65,PM2.5,Oakridge - (OAK),41-039-2013,AQS,.,21,65
2/14/2022,45,PM2.5,Oakridge - (OAK),41-039-2013,AQS,.,9,45
2/15/2022,22,PM2.5,Eugene - AMAZON PARK (EAP),41-039-0060,AQS,.,8,22
2/16/2022,34,PM2.5,Oakridge - (OAK),41-039-2013,AQS,.,16,34
2/17/2022,43,PM2.5,Eugene - Hwy 99 (E99),41-039-0059,AQS,.,18,43
2/18/2022,60,PM2.5,Eugene - Hwy 99 (E99),41-039-0059,AQS,.,21,60
2/19/2022,40,PM2.5,Oakridge - (OAK),41-039-2013,AQS,.,9,40
2/20/2022,26,PM2.5,Oakridge - (OAK),41-039-2013,AQS,.,6,26
2/21/2022,53,PM2.5,Oakridge - (OAK),41-039-2013,AQS,.,10,53
2/22/2022,36,PM2.5,Oakridge - (OAK),41-039-2013,AQS,.,9,36
2/23/2022,62,PM2.5,Oakridge - (OAK),41-039-2013,AQS,.,16,62
2/24/2022,63,PM2.5,Oakridge - (OAK),41-039-2013,AQS,.,26,63
2/25/2022,82,PM2.5,Eugene - Hwy 99 (E99),41-039-0059,AQS,.,31,82
2/26/2022,54,PM2.5,Eugene - Hwy 99 (E99),41-039-0059,AQS,.,16,54
2/27/2022,33,PM2.5,Oakridge - (OAK),41-039-2013,AQS,.,6,33
2/28/2022,20,PM2.5,Oakridge - (OAK),41-039-2013,AQS,.,6,20
3/1/2022,25,PM2.5,Oakridge - (OAK),41-039-2013,AQS,.,6,25
3/2/2022,19,PM2.5,Eugene - Hwy 99 (E99),41-039-0059,AQS,.,6,19
3/3/2022,18,PM2.5,Oakridge - (OAK),41-039-2013,AQS,.,6,18
3/4/2022,14,PM2.5,Oakridge - (OAK),41-039-2013,AQS,.,6,14
3/5/2022,29,PM2.5,Oakridge - (OAK),41-039-2013,AQS,.,7,29
3/6/2022,58,PM2.5,Oakridge - (OAK),41-039-2013,AQS,.,14,58
3/7/2022,53,PM2.5,Eugene - Hwy 99 (E99),41-039-0059,AQS,.,19,53
3/8/2022,52,PM2.5,Oakridge - (OAK),41-039-2013,AQS,.,16,52
3/9/2022,40,PM2.5,Oakridge - (OAK),41-039-2013,AQS,.,10,40
3/10/2022,54,PM2.5,Eugene - Hwy 99 (E99),41-039-0059,AQS,.,19,54
3/11/2022,60,PM2.5,Oakridge - (OAK),41-039-2013,AQS,.,21,60
3/12/2022,57,PM2.5,Oakridge - (OAK),41-039-2013,AQS,.,15,57
3/13/2022,26,PM2.5,"
",41-039-0100,AQS,.,6,26
3/14/2022,25,PM2.5,Cottage Grove - City Shops (CGC),41-039-9004,AQS,.,9,25
3/15/2022,28,PM2.5,"
",41-039-0100,AQS,.,9,28
3/16/2022,30,PM2.5,Eugene - Hwy 99 (E99),41-039-0059,AQS,.,15,30
3/17/2022,21,PM2.5,Eugene - Hwy 99 (E99),41-039-0059,AQS,.,13,21
3/18/2022,41,PM2.5,Oakridge - (OAK),41-039-2013,AQS,.,9,41
3/19/2022,29,PM2.5,Oakridge - (OAK),41-039-2013,AQS,.,8,29
3/20/2022,24,PM2.5,Eugene - Hwy 99 (E99),41-039-0059,AQS,.,7,24
3/21/2022,19,PM2.5,Oakridge - (OAK),41-039-2013,AQS,.,6,19
3/22/2022,23,PM2.5,Eugene - Hwy 99 (E99),41-039-0059,AQS,.,8,23
3/23/2022,13,PM2.5,Eugene - AMAZON PARK (EAP),41-039-0060,AQS,.,8,13
3/24/2022,29,PM2.5,Cottage Grove - City Shops (CGC),41-039-9004,AQS,.,12,29
3/25/2022,17,PM2.5,Cottage Grove - City Shops (CGC),41-039-9004,AQS,.,9,17
3/26/2022,28,PM2.5,Eugene - Hwy 99 (E99),41-039-0059,AQS,.,11,28
3/27/2022,33,PM2.5,Oakridge - (OAK),41-039-2013,AQS,.,9,33
3/28/2022,19,PM2.5,Oakridge - (OAK),41-039-2013,AQS,.,8,19
3/29/2022,18,PM2.5,Oakridge - (OAK),41-039-2013,AQS,.,7,18
3/30/2022,18,PM2.5,Eugene - Hwy 99 (E99),41-039-0059,AQS,.,10,18
3/31/2022,28,PM2.5,Eugene - Hwy 99 (E99),41-039-0059,AQS,.,13,28
4/1/2022,25,PM2.5,Eugene - Hwy 99 (E99),41-039-0059,AQS,.,13,25
4/2/2022,24,PM2.5,Cottage Grove - City Shops (CGC),41-039-9004,AQS,.,9,24
4/3/2022,34,PM2.5,Oakridge - (OAK),41-039-2013,AQS,.,10,34
4/4/2022,23,PM2.5,Eugene - AMAZON PARK (EAP),41-039-0060,AQS,.,9,23
4/5/2022,24,PM2.5,Eugene - Hwy 99 (E99),41-039-0059,AQS,.,11,24
4/6/2022,49,PM2.5,Eugene - Hwy 99 (E99),41-039-0059,AQS,.,19,49
4/7/2022,47,PM2.5,Eugene - Hwy 99 (E99),41-039-0059,AQS,.,21,47
4/8/2022,17,PM2.5,Eugene - AMAZON PARK (EAP),41-039-0060,AQS,.,8,17
4/9/2022,16,PM2.5,Eugene - AMAZON PARK (EAP),41-039-0060,AQS,.,6,16
4/10/2022,12,PM2.5,Eugene - Hwy 99 (E99),41-039-0059,AQS,.,2,12
4/11/2022,18,PM2.5,Oakridge - (OAK),41-039-2013,AQS,.,6,18
4/12/2022,26,PM2.5,Oakridge - (OAK),41-039-2013,AQS,.,6,26
4/13/2022,23,PM2.5,Oakridge - (OAK),41-039-2013,AQS,.,6,23
4/14/2022,17,PM2.5,Eugene - Hwy 99 (E99),41-039-0059,AQS,.,6,17
4/15/2022,24,PM2.5,Eugene - Hwy 99 (E99),41-039-0059,AQS,.,9,24
4/16/2022,18,PM2.5,Eugene - AMAZON PARK (EAP),41-039-0060,AQS,.,8,18
4/17/2022,22,PM2.5,Cottage Grove - City Shops (CGC),41-039-9004,AQS,.,7,22
4/18/2022,16,PM2.5,Eugene - Hwy 99 (E99),41-039-0059,AQS,.,11,16
4/19/2022,17,PM2.5,Eugene - Hwy 99 (E99),41-039-0059,AQS,.,6,17
4/20/2022,16,PM2.5,Eugene - Hwy 99 (E99),41-039-0059,AQS,.,6,16
4/21/2022,15,PM2.5,Eugene - AMAZON PARK (EAP),41-039-0060,AQS,.,7,15
4/22/2022,26,PM2.5,Eugene - Hwy 99 (E99),41-039-0059,AQS,.,11,26
4/23/2022,30,PM2.5,Eugene - Hwy 99 (E99),41-039-0059,AQS,.,13,30
4/24/2022,32,PM2.5,Oakridge - (OAK),41-039-2013,AQS,.,9,32
4/25/2022,46,PM2.5,Oakridge - (OAK),41-039-2013,AQS,.,16,46
4/26/2022,24,PM2.5,Eugene - Hwy 99 (E99),41-039-0059,AQS,.,10,24
4/27/2022,18,PM2.5,Oakridge - (OAK),41-039-2013,AQS,.,8,18
4/28/2022,21,PM2.5,Oakridge - (OAK),41-039-2013,AQS,.,7,21
4/29/2022,13,PM2.5,Eugene - Hwy 99 (E99),41-039-0059,AQS,.,.,13
4/30/2022,13,PM2.5,Eugene - Hwy 99 (E99),41-039-0059,AQS,.,.,13
5/1/2022,36,Ozone,Eugene - AMAZON PARK (EAP),41-039-0060,AQS,36,.,15
5/2/2022,37,Ozone,Eugene - AMAZON PARK (EAP),41-039-0060,AQS,37,.,16
5/3/2022,37,Ozone,Eugene - AMAZON PARK (EAP),41-039-0060,AQS,37,6,15
5/4/2022,31,Ozone,Eugene - AMAZON PARK (EAP),41-039-0060,AQS,31,12,28
5/5/2022,28,Ozone,Eugene - AMAZON PARK (EAP),41-039-0060,AQS,28,3,13
5/6/2022,33,Ozone,Eugene - AMAZON PARK (EAP),41-039-0060,AQS,33,6,16
5/7/2022,33,Ozone,Eugene - AMAZON PARK (EAP),41-039-0060,AQS,33,4,13
5/8/2022,36,Ozone,Eugene - AMAZON PARK (EAP),41-039-0060,AQS,36,2,9
5/9/2022,31,Ozone,Eugene - AMAZON PARK (EAP),41-039-0060,AQS,31,5,15
5/10/2022,33,Ozone,Eugene - Saginaw,41-039-1007,AQS,33,5,19
5/11/2022,31,Ozone,Eugene - AMAZON PARK (EAP),41-039-0060,AQS,31,6,20
5/12/2022,31,Ozone,Eugene - AMAZON PARK (EAP),41-039-0060,AQS,31,6,16
5/13/2022,27,Ozone,Eugene - Saginaw,41-039-1007,AQS,27,6,25
5/14/2022,24,Ozone,Eugene - AMAZON PARK (EAP),41-039-0060,AQS,24,1,10
5/15/2022,29,Ozone,Eugene - AMAZON PARK (EAP),41-039-0060,AQS,29,6,13
5/16/2022,34,Ozone,Eugene - AMAZON PARK (EAP),41-039-0060,AQS,34,5,15
5/17/2022,36,Ozone,Eugene - AMAZON PARK (EAP),41-039-0060,AQS,36,14,20
5/18/2022,35,Ozone,Eugene - AMAZON PARK (EAP),41-039-0060,AQS,35,9,20
5/19/2022,34,Ozone,Eugene - AMAZON PARK (EAP),41-039-0060,AQS,34,6,14
5/20/2022,34,Ozone,Eugene - AMAZON PARK (EAP),41-039-0060,AQS,34,12,26
5/21/2022,34,Ozone,Eugene - AMAZON PARK (EAP),41-039-0060,AQS,34,11,28
5/22/2022,37,Ozone,Eugene - AMAZON PARK (EAP),41-039-0060,AQS,37,9,22
5/23/2022,36,Ozone,Eugene - AMAZON PARK (EAP),41-039-0060,AQS,36,10,20
5/24/2022,39,Ozone,Eugene - AMAZON PARK (EAP),41-039-0060,AQS,39,11,22
5/25/2022,27,Ozone,Eugene - AMAZON PARK (EAP),41-039-0060,AQS,27,9,23
5/26/2022,28,PM2.5,Eugene - Hwy 99 (E99),41-039-0059,AQS,27,14,28
5/27/2022,33,Ozone,Eugene - AMAZON PARK (EAP),41-039-0060,AQS,33,6,13
5/28/2022,29,Ozone,Eugene - AMAZON PARK (EAP),41-039-0060,AQS,29,6,14
5/29/2022,31,Ozone,Eugene - AMAZON PARK (EAP),41-039-0060,AQS,31,5,12
5/30/2022,32,Ozone,Eugene - AMAZON PARK (EAP),41-039-0060,AQS,32,5,14
5/31/2022,31,Ozone,Eugene - AMAZON PARK (EAP),41-039-0060,AQS,31,9,20
6/1/2022,32,Ozone,Eugene - AMAZON PARK (EAP),41-039-0060,AQS,32,11,23
6/2/2022,27,Ozone,Eugene - AMAZON PARK (EAP),41-039-0060,AQS,27,12,21
6/3/2022,26,Ozone,Eugene - AMAZON PARK (EAP),41-039-0060,AQS,26,7,13
6/4/2022,21,Ozone,Eugene - AMAZON PARK (EAP),41-039-0060,AQS,21,4,13
6/5/2022,25,Ozone,Eugene - Saginaw,41-039-1007,AQS,25,2,9
6/6/2022,26,Ozone,Eugene - AMAZON PARK (EAP),41-039-0060,AQS,26,6,14
6/7/2022,24,PM2.5,Eugene - Hwy 99 (E99),41-039-0059,AQS,22,10,24
6/8/2022,24,Ozone,Eugene - AMAZON PARK (EAP),41-039-0060,AQS,24,6,17
6/9/2022,22,Ozone,Eugene - AMAZON PARK (EAP),41-039-0060,AQS,22,12,18
6/10/2022,14,Ozone,Eugene - AMAZON PARK (EAP),41-039-0060,AQS,14,2,8
6/11/2022,20,Ozone,Eugene - AMAZON PARK (EAP),41-039-0060,AQS,20,3,11
6/12/2022,24,Ozone,Eugene - AMAZON PARK (EAP),41-039-0060,AQS,24,3,13
6/13/2022,26,Ozone,Eugene - AMAZON PARK (EAP),41-039-0060,AQS,26,5,16
6/14/2022,32,Ozone,Eugene - AMAZON PARK (EAP),41-039-0060,AQS,32,7,22
6/15/2022,29,PM2.5,Eugene - Hwy 99 (E99),41-039-0059,AQS,25,11,29
6/16/2022,31,Ozone,Eugene - AMAZON PARK (EAP),41-039-0060,AQS,31,5,16
6/17/2022,28,Ozone,Eugene - AMAZON PARK (EAP),41-039-0060,AQS,28,5,19
6/18/2022,27,Ozone,Eugene - AMAZON PARK (EAP),41-039-0060,AQS,27,6,20
6/19/2022,22,Ozone,Eugene - AMAZON PARK (EAP),41-039-0060,AQS,22,3,11
6/20/2022,32,Ozone,Eugene - AMAZON PARK (EAP),41-039-0060,AQS,32,7,16
6/21/2022,40,Ozone,Eugene - AMAZON PARK (EAP),41-039-0060,AQS,40,12,23
6/22/2022,25,Ozone,Eugene - AMAZON PARK (EAP),41-039-0060,AQS,25,8,19
6/23/2022,36,Ozone,Eugene - AMAZON PARK (EAP),41-039-0060,AQS,36,15,19
6/24/2022,42,Ozone,Eugene - AMAZON PARK (EAP),41-039-0060,AQS,42,18,25
6/25/2022,43,Ozone,Eugene - AMAZON PARK (EAP),41-039-0060,AQS,43,18,30
6/26/2022,45,Ozone,Eugene - AMAZON PARK (EAP),41-039-0060,AQS,45,14,30
6/27/2022,36,Ozone,Eugene - AMAZON PARK (EAP),41-039-0060,AQS,36,12,29
6/28/2022,23,Ozone,Eugene - AMAZON PARK (EAP),41-039-0060,AQS,23,10,21
6/29/2022,27,Ozone,Eugene - AMAZON PARK (EAP),41-039-0060,AQS,27,10,22
6/30/2022,31,Ozone,Eugene - AMAZON PARK (EAP),41-039-0060,AQS,31,10,24
7/1/2022,32,PM2.5,Eugene - Hwy 99 (E99),41-039-0059,AQS,30,12,32
7/2/2022,30,PM2.5,Eugene - Hwy 99 (E99),41-039-0059,AQS,23,9,30
7/3/2022,27,PM2.5,Eugene - Hwy 99 (E99),41-039-0059,AQS,23,6,27
7/4/2022,31,PM2.5,Oakridge - (OAK),41-039-2013,AQS,30,9,31
7/5/2022,20,Ozone,Eugene - AMAZON PARK (EAP),41-039-0060,AQS,20,6,19
7/6/2022,15,Ozone,Eugene - AMAZON PARK (EAP),41-039-0060,AQS,15,4,13
7/7/2022,16,Ozone,Eugene - AMAZON PARK (EAP),41-039-0060,AQS,16,3,13
7/8/2022,24,Ozone,Eugene - AMAZON PARK (EAP),41-039-0060,AQS,24,7,18
7/9/2022,24,Ozone,Eugene - AMAZON PARK (EAP),41-039-0060,AQS,24,6,20
7/10/2022,32,Ozone,Eugene - AMAZON PARK (EAP),41-039-0060,AQS,32,8,15
7/11/2022,45,Ozone,Eugene - AMAZON PARK (EAP),41-039-0060,AQS,45,19,27
7/12/2022,37,Ozone,Eugene - Saginaw,41-039-1007,AQS,37,15,27
7/13/2022,33,Ozone,Eugene - AMAZON PARK (EAP),41-039-0060,AQS,33,13,21
7/14/2022,32,Ozone,Eugene - AMAZON PARK (EAP),41-039-0060,AQS,32,12,28
7/15/2022,25,PM2.5,Oakridge - (OAK),41-039-2013,AQS,23,6,25
7/16/2022,19,PM2.5,Oakridge - (OAK),41-039-2013,AQS,14,5,19
7/17/2022,26,Ozone,Eugene - AMAZON PARK (EAP),41-039-0060,AQS,26,9,19
7/18/2022,34,Ozone,Eugene - AMAZON PARK (EAP),41-039-0060,AQS,34,22,21
7/19/2022,44,Ozone,Eugene - AMAZON PARK (EAP),41-039-0060,AQS,44,15,28
7/20/2022,46,Ozone,Eugene - AMAZON PARK (EAP),41-039-0060,AQS,46,14,33
7/21/2022,26,PM2.5,Oakridge - (OAK),41-039-2013,AQS,24,8,26
7/22/2022,32,Ozone,Eugene - AMAZON PARK (EAP),41-039-0060,AQS,32,14,16
7/23/2022,31,Ozone,Eugene - AMAZON PARK (EAP),41-039-0060,AQS,31,15,20
7/24/2022,44,Ozone,Eugene - AMAZON PARK (EAP),41-039-0060,AQS,44,16,29
7/25/2022,90,Ozone,Eugene - AMAZON PARK (EAP),41-039-0060,AQS,90,26,48
7/26/2022,87,Ozone,Eugene - AMAZON PARK (EAP),41-039-0060,AQS,87,26,47
7/27/2022,52,PM2.5,Oakridge - (OAK),41-039-2013,AQS,47,23,52
7/28/2022,58,Ozone,Eugene - AMAZON PARK (EAP),41-039-0060,AQS,58,23,53
7/29/2022,64,Ozone,Eugene - AMAZON PARK (EAP),41-039-0060,AQS,64,28,58
7/30/2022,64,PM2.5,Oakridge - (OAK),41-039-2013,AQS,45,20,64
7/31/2022,53,PM2.5,Oakridge - (OAK),41-039-2013,AQS,29,14,53
8/1/2022,30,PM2.5,Oakridge - (OAK),41-039-2013,AQS,20,8,30
8/2/2022,34,Ozone,Eugene - AMAZON PARK (EAP),41-039-0060,AQS,34,10,24
8/3/2022,32,PM2.5,Oakridge - (OAK),41-039-2013,AQS,27,10,32
8/4/2022,34,Ozone,Eugene - AMAZON PARK (EAP),41-039-0060,AQS,34,20,22
8/5/2022,41,Ozone,Eugene - AMAZON PARK (EAP),41-039-0060,AQS,41,20,25
8/6/2022,54,PM2.5,Oakridge - (OAK),41-039-2013,AQS,50,22,54
8/7/2022,70,PM2.5,Oakridge - (OAK),41-039-2013,AQS,49,24,70
8/8/2022,42,PM2.5,Oakridge - (OAK),41-039-2013,AQS,23,12,42
8/9/2022,35,PM2.5,Oakridge - (OAK),41-039-2013,AQS,30,14,35
8/10/2022,24,Ozone,Eugene - AMAZON PARK (EAP),41-039-0060,AQS,24,6,20
8/11/2022,40,PM2.5,Oakridge - (OAK),41-039-2013,AQS,27,11,40
8/12/2022,28,PM2.5,"
",41-039-0070,AQS,27,6,28
8/13/2022,36,Ozone,Eugene - AMAZON PARK (EAP),41-039-0060,AQS,36,14,23
8/14/2022,32,Ozone,Eugene - AMAZON PARK (EAP),41-039-0060,AQS,32,11,29
8/15/2022,35,Ozone,Eugene - AMAZON PARK (EAP),41-039-0060,AQS,35,19,31
8/16/2022,38,Ozone,Eugene - AMAZON PARK (EAP),41-039-0060,AQS,38,29,31
8/17/2022,74,Ozone,Eugene - AMAZON PARK (EAP),41-039-0060,AQS,74,41,66
8/18/2022,87,PM2.5,Oakridge - (OAK),41-039-2013,AQS,31,34,87
8/19/2022,45,PM2.5,Oakridge - (OAK),41-039-2013,AQS,15,11,45
8/20/2022,21,Ozone,Eugene - AMAZON PARK (EAP),41-039-0060,AQS,21,8,20
8/21/2022,77,PM2.5,Oakridge - (OAK),41-039-2013,AQS,34,24,77
8/22/2022,22,Ozone,Eugene - AMAZON PARK (EAP),41-039-0060,AQS,22,6,17
8/23/2022,34,Ozone,Eugene - AMAZON PARK (EAP),41-039-0060,AQS,34,25,20
8/24/2022,41,Ozone,Eugene - AMAZON PARK (EAP),41-039-0060,AQS,41,18,38
8/25/2022,49,PM2.5,Oakridge - (OAK),41-039-2013,AQS,40,19,49
8/26/2022,32,PM2.5,Oakridge - (OAK),41-039-2013,AQS,24,13,32
8/27/2022,28,Ozone,Eugene - AMAZON PARK (EAP),41-039-0060,AQS,28,18,17
8/28/2022,32,Ozone,Eugene - AMAZON PARK (EAP),41-039-0060,AQS,32,16,29
8/29/2022,49,PM2.5,Oakridge - (OAK),41-039-2013,AQS,44,41,49
8/30/2022,64,PM2.5,Oakridge - (OAK),41-039-2013,AQS,44,29,64
8/31/2022,79,PM2.5,Oakridge - (OAK),41-039-2013,AQS,36,30,79
9/1/2022,110,PM2.5,Oakridge - (OAK),41-039-2013,AQS,51,44,110
9/2/2022,84,PM2.5,Oakridge - (OAK),41-039-2013,AQS,30,22,84
9/3/2022,55,PM2.5,Eugene - AMAZON PARK (EAP),41-039-0060,AQS,30,11,55
9/4/2022,39,PM2.5,Oakridge - (OAK),41-039-2013,AQS,25,8,39
9/5/2022,41,Ozone,Eugene - AMAZON PARK (EAP),41-039-0060,AQS,41,38,35
9/6/2022,145,PM2.5,Oakridge - (OAK),41-039-2013,AQS,46,47,145
9/7/2022,60,PM2.5,Oakridge - (OAK),41-039-2013,AQS,45,48,60
9/8/2022,48,PM2.5,Oakridge - (OAK),41-039-2013,AQS,40,37,48
9/9/2022,229,PM2.5,Oakridge - (OAK),41-039-2013,AQS,27,133,229
9/10/2022,385,PM2.5,Oakridge - (OAK),41-039-2013,AQS,47,198,385
9/11/2022,204,PM2.5,Oakridge - (OAK),41-039-2013,AQS,31,102,204
9/12/2022,55,PM2.5,Oakridge - (OAK),41-039-2013,AQS,26,21,55
9/13/2022,48,PM2.5,Oakridge - (OAK),41-039-2013,AQS,29,14,48
9/14/2022,45,PM2.5,"
",41-039-0070,AQS,30,17,45
9/15/2022,37,PM2.5,Oakridge - (OAK),41-039-2013,AQS,28,13,37
9/16/2022,32,Ozone,Eugene - AMAZON PARK (EAP),41-039-0060,AQS,32,19,20
9/17/2022,178,PM2.5,Oakridge - (OAK),41-039-2013,AQS,28,79,178
9/18/2022,175,PM2.5,Oakridge - (OAK),41-039-2013,AQS,30,73,175
9/19/2022,330,PM2.5,Oakridge - (OAK),41-039-2013,AQS,28,151,330
9/20/2022,179,PM2.5,Oakridge - (OAK),41-039-2013,AQS,12,78,179
9/21/2022,258,PM2.5,Oakridge - (OAK),41-039-2013,AQS,16,120,258
9/22/2022,88,PM2.5,Oakridge - (OAK),41-039-2013,AQS,30,28,88
9/23/2022,177,PM2.5,Oakridge - (OAK),41-039-2013,AQS,33,76,177
9/24/2022,157,PM2.5,Oakridge - (OAK),41-039-2013,AQS,34,59,157
9/25/2022,157,PM2.5,Oakridge - (OAK),41-039-2013,AQS,40,58,157
9/26/2022,154,PM2.5,Oakridge - (OAK),41-039-2013,AQS,46,57,154
9/27/2022,163,PM2.5,Oakridge - (OAK),41-039-2013,AQS,24,64,163
9/28/2022,59,PM2.5,Oakridge - (OAK),41-039-2013,AQS,30,17,59
9/29/2022,40,PM2.5,Oakridge - (OAK),41-039-2013,AQS,28,9,40
9/30/2022,228,PM2.5,Oakridge - (OAK),41-039-2013,AQS,19,120,228
10/1/2022,155,PM2.5,Oakridge - (OAK),41-039-2013,AQS,.,55,155
10/2/2022,146,PM2.5,Oakridge - (OAK),41-039-2013,AQS,.,52,146
10/3/2022,161,PM2.5,Oakridge - (OAK),41-039-2013,AQS,.,64,161
10/4/2022,176,PM2.5,Oakridge - (OAK),41-039-2013,AQS,.,74,176
10/5/2022,159,PM2.5,Oakridge - (OAK),41-039-2013,AQS,.,59,159
10/6/2022,239,PM2.5,Oakridge - (OAK),41-039-2013,AQS,.,114,239
10/7/2022,244,PM2.5,Oakridge - (OAK),41-039-2013,AQS,.,117,244
10/8/2022,288,PM2.5,Oakridge - (OAK),41-039-2013,AQS,.,136,288
10/9/2022,255,PM2.5,Oakridge - (OAK),41-039-2013,AQS,.,122,255
10/10/2022,323,PM2.5,Oakridge - (OAK),41-039-2013,AQS,.,153,323
10/11/2022,193,PM2.5,Oakridge - (OAK),41-039-2013,AQS,.,89,193
10/12/2022,351,PM2.5,Oakridge - (OAK),41-039-2013,AQS,.,169,351
10/13/2022,326,PM2.5,Oakridge - (OAK),41-039-2013,AQS,.,160,326
10/14/2022,362,PM2.5,Oakridge - (OAK),41-039-2013,AQS,.,196,362
10/15/2022,333,PM2.5,Oakridge - (OAK),41-039-2013,AQS,.,181,333
10/16/2022,158,PM2.5,Oakridge - (OAK),41-039-2013,AQS,.,65,158
10/17/2022,206,PM2.5,Oakridge - (OAK),41-039-2013,AQS,.,106,206
10/18/2022,359,PM2.5,Oakridge - (OAK),41-039-2013,AQS,.,195,359
10/19/2022,380,PM2.5,Oakridge - (OAK),41-039-2013,AQS,.,212,380
10/20/2022,303,PM2.5,Oakridge - (OAK),41-039-2013,AQS,.,164,303
10/21/2022,164,PM2.5,Oakridge - (OAK),41-039-2013,AQS,.,68,164
10/22/2022,16,PM2.5,"
",41-039-0100,AQS,.,4,16
10/23/2022,26,PM2.5,Oakridge - (OAK),41-039-2013,AQS,.,6,26
10/24/2022,52,PM2.5,Oakridge - (OAK),41-039-2013,AQS,.,12,52
10/25/2022,25,PM2.5,Eugene - Hwy 99 (E99),41-039-0059,AQS,.,9,25
10/26/2022,28,PM2.5,Oakridge - (OAK),41-039-2013,AQS,.,6,28
10/27/2022,59,PM2.5,Oakridge - (OAK),41-039-2013,AQS,.,16,59
10/28/2022,56,PM2.5,Eugene - Hwy 99 (E99),41-039-0059,AQS,.,17,56
10/29/2022,55,PM2.5,Oakridge - (OAK),41-039-2013,AQS,.,16,55
10/30/2022,53,PM2.5,Oakridge - (OAK),41-039-2013,AQS,.,14,53
10/31/2022,28,PM2.5,Eugene - Hwy 99 (E99),41-039-0059,AQS,.,10,28
11/1/2022,20,PM2.5,Eugene - Hwy 99 (E99),41-039-0059,AQS,.,5,20
11/2/2022,43,PM2.5,Eugene - Hwy 99 (E99),41-039-0059,AQS,.,9,43
11/3/2022,66,PM2.5,Eugene - Hwy 99 (E99),41-039-0059,AQS,.,17,66
11/4/2022,41,PM2.5,Oakridge - (OAK),41-039-2013,AQS,.,9,41
11/5/2022,24,PM2.5,Eugene - Hwy 99 (E99),41-039-0059,AQS,.,7,24
11/6/2022,29,PM2.5,Eugene - AMAZON PARK (EAP),41-039-0060,AQS,.,6,29
11/7/2022,26,PM2.5,Eugene - Hwy 99 (E99),41-039-0059,AQS,.,5,26
11/8/2022,64,PM2.5,Cottage Grove - City Shops (CGC),41-039-9004,AQS,.,10,64
11/9/2022,75,PM2.5,Cottage Grove - City Shops (CGC),41-039-9004,AQS,.,23,75
11/10/2022,85,PM2.5,Eugene - Hwy 99 (E99),41-039-0059,AQS,.,28,85
11/11/2022,67,PM2.5,Cottage Grove - City Shops (CGC),41-039-9004,AQS,.,18,67
11/12/2022,62,PM2.5,Cottage Grove - City Shops (CGC),41-039-9004,AQS,.,14,62
11/13/2022,66,PM2.5,Eugene - Hwy 99 (E99),41-039-0059,AQS,.,16,66
11/14/2022,74,PM2.5,Eugene - Hwy 99 (E99),41-039-0059,AQS,.,23,74
11/15/2022,82,PM2.5,Oakridge - (OAK),41-039-2013,AQS,.,27,82
11/16/2022,86,PM2.5,Eugene - Hwy 99 (E99),41-039-0059,AQS,.,30,86
11/17/2022,88,PM2.5,Eugene - Hwy 99 (E99),41-039-0059,AQS,.,30,88
11/18/2022,67,PM2.5,Eugene - Hwy 99 (E99),41-039-0059,AQS,.,23,67
11/19/2022,89,PM2.5,Cottage Grove - City Shops (CGC),41-039-9004,AQS,.,25,89
11/20/2022,116,PM2.5,Eugene - Hwy 99 (E99),41-039-0059,AQS,.,40,116
11/21/2022,111,PM2.5,Eugene - Hwy 99 (E99),41-039-0059,AQS,.,43,111
11/22/2022,68,PM2.5,Oakridge - (OAK),41-039-2013,AQS,.,19,68
11/23/2022,54,PM2.5,Oakridge - (OAK),41-039-2013,AQS,.,14,54
11/24/2022,53,PM2.5,Eugene - Hwy 99 (E99),41-039-0059,AQS,.,11,53
11/25/2022,42,PM2.5,Oakridge - (OAK),41-039-2013,AQS,.,10,42
11/26/2022,55,PM2.5,Eugene - Hwy 99 (E99),41-039-0059,AQS,.,11,55
11/27/2022,29,PM2.5,Cottage Grove - City Shops (CGC),41-039-9004,AQS,.,6,29
11/28/2022,28,PM2.5,Eugene - AMAZON PARK (EAP),41-039-0060,AQS,.,5,28
11/29/2022,41,PM2.5,Eugene - Hwy 99 (E99),41-039-0059,AQS,.,9,41
11/30/2022,26,PM2.5,Cottage Grove - City Shops (CGC),41-039-9004,AQS,.,5,26
12/1/2022,43,PM2.5,Oakridge - (OAK),41-039-2013,AQS,.,9,43
12/2/2022,60,PM2.5,Cottage Grove - City Shops (CGC),41-039-9004,AQS,.,11,60
12/3/2022,59,PM2.5,Oakridge - (OAK),41-039-2013,AQS,.,13,59
12/4/2022,62,PM2.5,Eugene - AMAZON PARK (EAP),41-039-0060,AQS,.,13,62
12/5/2022,57,PM2.5,Eugene - AMAZON PARK (EAP),41-039-0060,AQS,.,11,57
12/6/2022,58,PM2.5,Eugene  Wilkes Drive,41-039-0101,AQS,.,11,58
12/7/2022,69,PM2.5,Cottage Grove - City Shops (CGC),41-039-9004,AQS,.,15,69
12/8/2022,53,PM2.5,Oakridge - (OAK),41-039-2013,AQS,.,12,53
12/9/2022,33,PM2.5,Cottage Grove - City Shops (CGC),41-039-9004,AQS,.,6,33
12/10/2022,20,PM2.5,Oakridge - (OAK),41-039-2013,AQS,.,5,20
12/11/2022,28,PM2.5,Eugene  Wilkes Drive,41-039-0101,AQS,.,7,28
12/12/2022,33,PM2.5,Eugene - AMAZON PARK (EAP),41-039-0060,AQS,.,8,33
12/13/2022,54,PM2.5,Eugene - AMAZON PARK (EAP),41-039-0060,AQS,.,13,54
12/14/2022,71,PM2.5,Eugene - AMAZON PARK (EAP),41-039-0060,AQS,.,18,71
12/15/2022,62,PM2.5,Eugene - AMAZON PARK (EAP),41-039-0060,AQS,.,17,62
12/16/2022,99,PM2.5,Oakridge - (OAK),41-039-2013,AQS,.,31,99
12/17/2022,87,PM2.5,Oakridge - (OAK),41-039-2013,AQS,.,28,87
12/18/2022,47,PM2.5,Cottage Grove - City Shops (CGC),41-039-9004,AQS,.,9,47
12/19/2022,72,PM2.5,Oakridge - (OAK),41-039-2013,AQS,.,20,72
12/20/2022,80,PM2.5,Oakridge - (OAK),41-039-2013,AQS,.,25,80
12/21/2022,49,PM2.5,Oakridge - (OAK),41-039-2013,AQS,.,11,49
12/22/2022,30,PM2.5,Cottage Grove - City Shops (CGC),41-039-9004,AQS,.,6,30
12/23/2022,69,PM2.5,Eugene - Hwy 99 (E99),41-039-0059,AQS,.,16,69
12/24/2022,60,PM2.5,Cottage Grove - City Shops (CGC),41-039-9004,AQS,.,14,60
12/25/2022,58,PM2.5,Oakridge - (OAK),41-039-2013,AQS,.,15,58
12/26/2022,28,PM2.5,Oakridge - (OAK),41-039-2013,AQS,.,6,28
12/27/2022,33,PM2.5,"
",41-039-0100,AQS,.,5,33
12/28/2022,22,PM2.5,Cottage Grove - City Shops (CGC),41-039-9004,AQS,.,3,22
12/29/2022,28,PM2.5,Cottage Grove - City Shops (CGC),41-039-9004,AQS,.,4,28
12/30/2022,31,PM2.5,Oakridge - (OAK),41-039-2013,AQS,.,6,31
12/31/2022,39,PM2.5,Eugene - AMAZON PARK (EAP),41-039-0060,AQS,.,6,39
1/1/2023,41,PM2.5,Eugene - Hwy 99 (E99),41-039-0059,AQS,.,7,41
1/2/2023,33,PM2.5,Eugene  Wilkes Drive,41-039-0101,AQS,.,6,33
1/3/2023,40,PM2.5,Cottage Grove - City Shops (CGC),41-039-9004,AQS,.,7,40
1/4/2023,54,PM2.5,Cottage Grove - City Shops (CGC),41-039-9004,AQS,.,6,54
1/5/2023,39,PM2.5,Oakridge - (OAK),41-039-2013,AQS,.,7,39
1/6/2023,60,PM2.5,Oakridge - (OAK),41-039-2013,AQS,.,14,60
1/7/2023,42,PM2.5,Oakridge - (OAK),41-039-2013,AQS,.,8,42
1/8/2023,48,PM2.5,Oakridge - (OAK),41-039-2013,AQS,.,9,48
1/9/2023,58,PM2.5,Oakridge - (OAK),41-039-2013,AQS,.,14,58
1/10/2023,49,PM2.5,Cottage Grove - City Shops (CGC),41-039-9004,AQS,.,9,49
1/11/2023,39,PM2.5,Oakridge - (OAK),41-039-2013,AQS,.,9,39
1/12/2023,72,PM2.5,Oakridge - (OAK),41-039-2013,AQS,.,20,72
1/13/2023,35,PM2.5,Oakridge - (OAK),41-039-2013,AQS,.,9,35
1/14/2023,20,PM2.5,Oakridge - (OAK),41-039-2013,AQS,.,3,20
1/15/2023,15,PM2.5,"
",41-039-0100,AQS,.,3,15
1/16/2023,27,PM2.5,Eugene - Hwy 99 (E99),41-039-0059,AQS,.,6,27
1/17/2023,25,PM2.5,Oakridge - (OAK),41-039-2013,AQS,.,7,25
1/18/2023,24,PM2.5,Eugene - AMAZON PARK (EAP),41-039-0060,AQS,.,6,24
1/19/2023,48,PM2.5,Eugene - Hwy 99 (E99),41-039-0059,AQS,.,11,48
1/20/2023,42,PM2.5,Eugene - Hwy 99 (E99),41-039-0059,AQS,.,10,42
1/21/2023,34,PM2.5,Eugene - AMAZON PARK (EAP),41-039-0060,AQS,.,8,34
1/22/2023,51,PM2.5,Eugene - Hwy 99 (E99),41-039-0059,AQS,.,11,51
1/23/2023,64,PM2.5,Eugene - AMAZON PARK (EAP),41-039-0060,AQS,.,16,64
1/24/2023,54,PM2.5,Eugene - Hwy 99 (E99),41-039-0059,AQS,.,13,54
1/25/2023,49,PM2.5,Eugene - Hwy 99 (E99),41-039-0059,AQS,.,10,49
1/26/2023,41,PM2.5,Eugene  Wilkes Drive,41-039-0101,AQS,.,9,41
1/27/2023,29,PM2.5,Oakridge - (OAK),41-039-2013,AQS,.,6,29
1/28/2023,17,PM2.5,Eugene - AMAZON PARK (EAP),41-039-0060,AQS,.,3,17
1/29/2023,41,PM2.5,Oakridge - (OAK),41-039-2013,AQS,.,10,41
1/30/2023,85,PM2.5,Oakridge - (OAK),41-039-2013,AQS,.,28,85
1/31/2023,109,PM2.5,Oakridge - (OAK),41-039-2013,AQS,.,40,109
2/1/2023,83,PM2.5,Oakridge - (OAK),41-039-2013,AQS,.,34,83
2/2/2023,92,PM2.5,Eugene - Hwy 99 (E99),41-039-0059,AQS,.,37,92
2/3/2023,65,PM2.5,Oakridge - (OAK),41-039-2013,AQS,.,18,65
2/4/2023,71,PM2.5,Oakridge - (OAK),41-039-2013,AQS,.,20,71
2/5/2023,37,PM2.5,Oakridge - (OAK),41-039-2013,AQS,.,8,37
2/6/2023,31,PM2.5,Cottage Grove - City Shops (CGC),41-039-9004,AQS,.,12,31
2/7/2023,33,PM2.5,Cottage Grove - City Shops (CGC),41-039-9004,AQS,.,6,33
2/8/2023,59,PM2.5,Oakridge - (OAK),41-039-2013,AQS,.,16,59
2/9/2023,58,PM2.5,Oakridge - (OAK),41-039-2013,AQS,.,16,58
2/10/2023,53,PM2.5,Oakridge - (OAK),41-039-2013,AQS,.,12,53
2/11/2023,43,PM2.5,Cottage Grove - City Shops (CGC),41-039-9004,AQS,.,11,43
2/12/2023,58,PM2.5,Eugene  Wilkes Drive,41-039-0101,AQS,.,15,58
2/13/2023,40,PM2.5,Oakridge - (OAK),41-039-2013,AQS,.,9,40
2/14/2023,41,PM2.5,Oakridge - (OAK),41-039-2013,AQS,.,9,41
2/15/2023,58,PM2.5,Eugene - Hwy 99 (E99),41-039-0059,AQS,.,17,58
2/16/2023,68,PM2.5,Eugene - Hwy 99 (E99),41-039-0059,AQS,.,26,68
2/17/2023,51,PM2.5,Cottage Grove - City Shops (CGC),41-039-9004,AQS,.,17,51
2/18/2023,55,PM2.5,Oakridge - (OAK),41-039-2013,AQS,.,15,55
2/19/2023,52,PM2.5,Eugene - Hwy 99 (E99),41-039-0059,AQS,.,19,52
2/20/2023,55,PM2.5,Oakridge - (OAK),41-039-2013,AQS,.,16,55
2/21/2023,19,PM2.5,Oakridge - (OAK),41-039-2013,AQS,.,4,19
2/22/2023,35,PM2.5,Oakridge - (OAK),41-039-2013,AQS,.,8,35
2/23/2023,25,PM2.5,Oakridge - (OAK),41-039-2013,AQS,.,7,25
2/24/2023,47,PM2.5,Oakridge - (OAK),41-039-2013,AQS,.,14,47
2/25/2023,61,PM2.5,Cottage Grove - City Shops (CGC),41-039-9004,AQS,.,17,61
2/26/2023,36,PM2.5,Oakridge - (OAK),41-039-2013,AQS,.,9,36
2/27/2023,29,PM2.5,Oakridge - (OAK),41-039-2013,AQS,.,6,29
2/28/2023,28,PM2.5,Oakridge - (OAK),41-039-2013,AQS,.,6,28
3/1/2023,35,PM2.5,Oakridge - (OAK),41-039-2013,AQS,.,7,35
3/2/2023,28,PM2.5,Cottage Grove - City Shops (CGC),41-039-9004,AQS,.,6,28
3/3/2023,32,PM2.5,Cottage Grove - City Shops (CGC),41-039-9004,AQS,.,6,32
3/4/2023,38,PM2.5,Oakridge - (OAK),41-039-2013,AQS,.,8,38
3/5/2023,38,PM2.5,Cottage Grove - City Shops (CGC),41-039-9004,AQS,.,7,38
3/6/2023,26,PM2.5,Cottage Grove - City Shops (CGC),41-039-9004,AQS,.,4,26
3/7/2023,22,PM2.5,Cottage Grove - City Shops (CGC),41-039-9004,AQS,.,3,22
3/8/2023,27,PM2.5,Oakridge - (OAK),41-039-2013,AQS,.,6,27
3/9/2023,23,PM2.5,Oakridge - (OAK),41-039-2013,AQS,.,5,23
3/10/2023,22,PM2.5,Oakridge - (OAK),41-039-2013,AQS,.,6,22
3/11/2023,35,PM2.5,Oakridge - (OAK),41-039-2013,AQS,.,8,35
3/12/2023,30,PM2.5,Oakridge - (OAK),41-039-2013,AQS,.,7,30
3/13/2023,26,PM2.5,Oakridge - (OAK),41-039-2013,AQS,.,6,26
3/14/2023,36,PM2.5,Oakridge - (OAK),41-039-2013,AQS,.,8,36
3/15/2023,42,PM2.5,Oakridge - (OAK),41-039-2013,AQS,.,8,42
3/16/2023,56,PM2.5,Eugene - Hwy 99 (E99),41-039-0059,AQS,.,20,56
3/17/2023,57,PM2.5,Oakridge - (OAK),41-039-2013,AQS,.,21,57
3/18/2023,65,PM2.5,Oakridge - (OAK),41-039-2013,AQS,.,23,65
3/19/2023,50,PM2.5,Eugene - Hwy 99 (E99),41-039-0059,AQS,.,14,50
3/20/2023,15,PM2.5,Oakridge - (OAK),41-039-2013,AQS,.,4,15
3/21/2023,34,PM2.5,Eugene - AMAZON PARK (EAP),41-039-0060,AQS,.,7,34
3/22/2023,33,PM2.5,Cottage Grove - City Shops (CGC),41-039-9004,AQS,.,14,33
3/23/2023,19,PM2.5,Oakridge - (OAK),41-039-2013,AQS,.,4,19
3/24/2023,28,PM2.5,Oakridge - (OAK),41-039-2013,AQS,.,7,28
3/25/2023,42,PM2.5,Oakridge - (OAK),41-039-2013,AQS,.,8,42
3/26/2023,36,PM2.5,Oakridge - (OAK),41-039-2013,AQS,.,8,36
3/27/2023,35,PM2.5,Eugene - Hwy 99 (E99),41-039-0059,AQS,.,7,35
3/28/2023,20,PM2.5,Eugene - Hwy 99 (E99),41-039-0059,AQS,.,5,20
3/29/2023,25,PM2.5,Eugene  Wilkes Drive,41-039-0101,AQS,.,6,25
3/30/2023,26,PM2.5,Cottage Grove - City Shops (CGC),41-039-9004,AQS,.,11,26
3/31/2023,19,PM2.5,Eugene - Hwy 99 (E99),41-039-0059,AQS,.,10,19
4/1/2023,13,PM2.5,Eugene - Hwy 99 (E99),41-039-0059,AQS,.,2,13
4/2/2023,19,PM2.5,Oakridge - (OAK),41-039-2013,AQS,.,5,19
4/3/2023,44,PM2.5,Oakridge - (OAK),41-039-2013,AQS,.,10,44
4/4/2023,31,PM2.5,Oakridge - (OAK),41-039-2013,AQS,.,6,31
4/5/2023,14,PM2.5,Eugene - Hwy 99 (E99),41-039-0059,AQS,.,4,14
4/6/2023,17,PM2.5,Cottage Grove - City Shops (CGC),41-039-9004,AQS,.,6,17
4/7/2023,22,PM2.5,Eugene - Hwy 99 (E99),41-039-0059,AQS,.,4,22
4/8/2023,28,PM2.5,Oakridge - (OAK),41-039-2013,AQS,.,7,28
4/9/2023,25,PM2.5,Cottage Grove - City Shops (CGC),41-039-9004,AQS,.,6,25
4/10/2023,15,PM2.5,Cottage Grove - City Shops (CGC),41-039-9004,AQS,.,3,15
4/11/2023,18,PM2.5,Eugene - Hwy 99 (E99),41-039-0059,AQS,.,5,18
4/12/2023,12,PM2.5,Eugene - Hwy 99 (E99),41-039-0059,AQS,.,3,12
4/13/2023,13,PM2.5,Eugene - Hwy 99 (E99),41-039-0059,AQS,.,5,13
4/14/2023,23,PM2.5,Oakridge - (OAK),41-039-2013,AQS,.,9,23
4/15/2023,25,PM2.5,Oakridge - (OAK),41-039-2013,AQS,.,6,25
4/16/2023,19,PM2.5,Eugene - Hwy 99 (E99),41-039-0059,AQS,.,6,19
4/17/2023,20,PM2.5,Eugene - Hwy 99 (E99),41-039-0059,AQS,.,6,20
4/18/2023,15,PM2.5,Eugene - Hwy 99 (E99),41-039-0059,AQS,.,4,15
4/19/2023,15,PM2.5,Eugene - Hwy 99 (E99),41-039-0059,AQS,.,5,15
4/20/2023,17,PM2.5,Eugene - Hwy 99 (E99),41-039-0059,AQS,.,4,17
4/21/2023,13,PM2.5,Eugene - Hwy 99 (E99),41-039-0059,AQS,.,3,13
4/22/2023,17,PM2.5,Oakridge - (OAK),41-039-2013,AQS,.,4,17
4/23/2023,17,PM2.5,"
",41-039-0100,AQS,.,6,17
4/24/2023,14,PM2.5,Cottage Grove - City Shops (CGC),41-039-9004,AQS,.,5,14
4/25/2023,24,PM2.5,Eugene - Hwy 99 (E99),41-039-0059,AQS,.,11,24
4/26/2023,49,PM2.5,Eugene - Hwy 99 (E99),41-039-0059,AQS,.,25,49
4/27/2023,37,Ozone,Eugene - AMAZON PARK (EAP),41-039-0060,AirNow,37,11,22
4/28/2023,43,Ozone,Eugene - AMAZON PARK (EAP),41-039-0060,AirNow,43,12,27
4/29/2023,42,Ozone,Eugene - AMAZON PARK (EAP),41-039-0060,AirNow,42,9,21
4/30/2023,36,Ozone,Eugene - AMAZON PARK (EAP),41-039-0060,AirNow,36,6,18
5/1/2023,35,Ozone,Eugene - AMAZON PARK (EAP),41-039-0060,AQS,35,4,13
5/2/2023,25,Ozone,Eugene - AMAZON PARK (EAP),41-039-0060,AQS,25,8,18
5/3/2023,34,Ozone,Eugene - AMAZON PARK (EAP),41-039-0060,AQS,34,7,20
5/4/2023,31,Ozone,Eugene - AMAZON PARK (EAP),41-039-0060,AQS,31,6,16
5/5/2023,32,Ozone,Eugene - AMAZON PARK (EAP),41-039-0060,AQS,32,6,16
5/6/2023,35,Ozone,Eugene - AMAZON PARK (EAP),41-039-0060,AQS,35,6,22
5/7/2023,36,Ozone,Eugene - AMAZON PARK (EAP),41-039-0060,AQS,36,4,19
5/8/2023,32,Ozone,Eugene - AMAZON PARK (EAP),41-039-0060,AQS,32,4,16
5/9/2023,37,Ozone,Eugene - AMAZON PARK (EAP),41-039-0060,AQS,37,10,21
5/10/2023,38,Ozone,Eugene - AMAZON PARK (EAP),41-039-0060,AQS,38,12,29
5/11/2023,37,Ozone,Eugene - AMAZON PARK (EAP),41-039-0060,AQS,37,9,22
5/12/2023,44,Ozone,Eugene - AMAZON PARK (EAP),41-039-0060,AQS,44,17,33
5/13/2023,54,Ozone,Eugene - AMAZON PARK (EAP),41-039-0060,AQS,54,27,45
5/14/2023,46,Ozone,Eugene - AMAZON PARK (EAP),41-039-0060,AQS,46,19,29
5/15/2023,43,Ozone,Eugene - AMAZON PARK (EAP),41-039-0060,AQS,43,18,26
5/16/2023,45,Ozone,Eugene - AMAZON PARK (EAP),41-039-0060,AQS,45,15,27
5/17/2023,49,Ozone,Eugene - AMAZON PARK (EAP),41-039-0060,AQS,49,16,30
5/18/2023,36,Ozone,Eugene - Saginaw,41-039-1007,AQS,36,11,24
5/19/2023,42,PM2.5,Oakridge - (OAK),41-039-2013,AQS,38,15,42
5/20/2023,30,Ozone,Eugene - AMAZON PARK (EAP),41-039-0060,AQS,30,8,25
5/21/2023,34,Ozone,Eugene - AMAZON PARK (EAP),41-039-0060,AQS,34,6,13
5/22/2023,41,Ozone,Eugene - Saginaw,41-039-1007,AQS,41,17,25
5/23/2023,45,Ozone,Eugene - Saginaw,41-039-1007,AQS,45,18,27
5/24/2023,44,Ozone,Eugene - AMAZON PARK (EAP),41-039-0060,AQS,44,23,37
5/25/2023,44,Ozone,Eugene - AMAZON PARK (EAP),41-039-0060,AQS,44,25,38
5/26/2023,51,PM2.5,Cottage Grove - City Shops (CGC),41-039-9004,AQS,44,21,51
5/27/2023,53,PM2.5,Eugene - Hwy 99 (E99),41-039-0059,AQS,27,19,53
5/28/2023,44,Ozone,Eugene - AMAZON PARK (EAP),41-039-0060,AQS,44,18,32
5/29/2023,39,Ozone,Eugene - AMAZON PARK (EAP),41-039-0060,AQS,39,16,29
5/30/2023,37,Ozone,Eugene - AMAZON PARK (EAP),41-039-0060,AQS,37,17,25
5/31/2023,38,Ozone,Eugene - AMAZON PARK (EAP),41-039-0060,AQS,38,15,23
6/1/2023,41,Ozone,Eugene - AMAZON PARK (EAP),41-039-0060,AQS,41,13,19
6/2/2023,42,Ozone,Eugene - Saginaw,41-039-1007,AQS,42,16,23
6/3/2023,42,Ozone,Eugene - AMAZON PARK (EAP),41-039-0060,AQS,42,11,21
6/4/2023,44,Ozone,Eugene - AMAZON PARK (EAP),41-039-0060,AQS,44,25,18
6/5/2023,54,Ozone,Eugene - AMAZON PARK (EAP),41-039-0060,AQS,54,26,29
6/6/2023,84,Ozone,Eugene - AMAZON PARK (EAP),41-039-0060,AQS,84,21,41
6/7/2023,36,PM2.5,Oakridge - (OAK),41-039-2013,AQS,31,21,36
6/8/2023,31,Ozone,Eugene - AMAZON PARK (EAP),41-039-0060,AQS,31,12,23
6/9/2023,26,Ozone,Eugene - AMAZON PARK (EAP),41-039-0060,AQS,26,7,20
6/10/2023,47,Ozone,Eugene - AMAZON PARK (EAP),41-039-0060,AQS,47,19,23
6/11/2023,37,Ozone,Eugene - AMAZON PARK (EAP),41-039-0060,AQS,37,11,25
6/12/2023,40,Ozone,Eugene - Saginaw,41-039-1007,AQS,40,30,29
6/13/2023,35,Ozone,Eugene - AMAZON PARK (EAP),41-039-0060,AQS,35,12,27
6/14/2023,34,Ozone,Eugene - Saginaw,41-039-1007,AQS,34,20,33
6/15/2023,39,Ozone,Eugene - AMAZON PARK (EAP),41-039-0060,AQS,39,21,30
6/16/2023,37,Ozone,Eugene - Saginaw,41-039-1007,AQS,37,17,23
6/17/2023,34,Ozone,Eugene - AMAZON PARK (EAP),41-039-0060,AQS,34,5,13
6/18/2023,31,Ozone,Eugene - AMAZON PARK (EAP),41-039-0060,AQS,31,3,12
6/19/2023,27,Ozone,Eugene - AMAZON PARK (EAP),41-039-0060,AQS,27,3,10
6/20/2023,29,Ozone,Eugene - AMAZON PARK (EAP),41-039-0060,AQS,29,4,14
6/21/2023,37,Ozone,Eugene - AMAZON PARK (EAP),41-039-0060,AQS,37,5,23
6/22/2023,43,Ozone,Eugene - AMAZON PARK (EAP),41-039-0060,AQS,43,14,29
6/23/2023,26,Ozone,Eugene - AMAZON PARK (EAP),41-039-0060,AQS,26,6,24
6/24/2023,41,Ozone,Eugene - AMAZON PARK (EAP),41-039-0060,AQS,41,6,29
6/25/2023,36,Ozone,Eugene - AMAZON PARK (EAP),41-039-0060,AQS,36,7,23
6/26/2023,32,Ozone,Eugene - AMAZON PARK (EAP),41-039-0060,AQS,32,8,22
6/27/2023,32,Ozone,Eugene - AMAZON PARK (EAP),41-039-0060,AQS,32,8,20
6/28/2023,36,Ozone,Eugene - AMAZON PARK (EAP),41-039-0060,AQS,36,10,20
6/29/2023,42,Ozone,Eugene - Saginaw,41-039-1007,AQS,42,10,25
6/30/2023,43,Ozone,Eugene - AMAZON PARK (EAP),41-039-0060,AQS,43,10,25
7/1/2023,47,Ozone,Eugene - Saginaw,41-039-1007,AQS,47,12,26
7/2/2023,44,Ozone,Eugene - AMAZON PARK (EAP),41-039-0060,AQS,44,10,25
7/3/2023,49,Ozone,Eugene - Saginaw,41-039-1007,AQS,49,9,31
7/4/2023,96,PM2.5,Cottage Grove - City Shops (CGC),41-039-9004,AQS,61,19,96
7/5/2023,71,Ozone,Eugene - Saginaw,41-039-1007,AQS,71,19,64
7/6/2023,48,PM2.5,Oakridge - (OAK),41-039-2013,AQS,32,17,48
7/7/2023,27,Ozone,Eugene - AMAZON PARK (EAP),41-039-0060,AQS,27,8,25
7/8/2023,27,Ozone,Eugene - AMAZON PARK (EAP),41-039-0060,AQS,27,5,18
7/9/2023,29,Ozone,Eugene - AMAZON PARK (EAP),41-039-0060,AQS,29,6,16
7/10/2023,26,Ozone,Eugene - AMAZON PARK (EAP),41-039-0060,AQS,26,5,15
7/11/2023,35,Ozone,Eugene - AMAZON PARK (EAP),41-039-0060,AQS,35,7,21
7/12/2023,26,Ozone,Eugene - AMAZON PARK (EAP),41-039-0060,AQS,26,8,21
7/13/2023,33,Ozone,Eugene - AMAZON PARK (EAP),41-039-0060,AQS,33,8,20
7/14/2023,50,Ozone,Eugene - AMAZON PARK (EAP),41-039-0060,AQS,50,10,28
7/15/2023,51,Ozone,Eugene - Saginaw,41-039-1007,AQS,51,11,30
7/16/2023,31,Ozone,Eugene - AMAZON PARK (EAP),41-039-0060,AQS,31,7,25
7/17/2023,32,Ozone,Eugene - Saginaw,41-039-1007,AQS,32,10,16
7/18/2023,47,Ozone,Eugene - AMAZON PARK (EAP),41-039-0060,AQS,47,11,24
7/19/2023,42,Ozone,Eugene - AMAZON PARK (EAP),41-039-0060,AQS,42,14,39
7/20/2023,45,PM2.5,"
",41-039-0070,AQS,24,13,45
7/21/2023,37,Ozone,Eugene - AMAZON PARK (EAP),41-039-0060,AQS,37,12,31
7/22/2023,36,Ozone,Eugene - AMAZON PARK (EAP),41-039-0060,AQS,36,13,22
7/23/2023,48,PM2.5,Oakridge - (OAK),41-039-2013,AQS,29,14,48
7/24/2023,23,Ozone,Eugene - AMAZON PARK (EAP),41-039-0060,AQS,23,6,15
7/25/2023,30,Ozone,Eugene - AMAZON PARK (EAP),41-039-0060,AQS,30,8,18
7/26/2023,67,PM2.5,Oakridge - (OAK),41-039-2013,AQS,35,25,67
7/27/2023,49,PM2.5,Oakridge - (OAK),41-039-2013,AQS,39,47,49
7/28/2023,83,PM2.5,Oakridge - (OAK),41-039-2013,AQS,36,39,83
7/29/2023,63,PM2.5,"
",41-039-0070,AQS,31,12,63
7/30/2023,82,PM2.5,Oakridge - (OAK),41-039-2013,AQS,35,31,82
7/31/2023,76,PM2.5,Oakridge - (OAK),41-039-2013,AQS,42,31,76
8/1/2023,85,PM2.5,Oakridge - (OAK),41-039-2013,AQS,47,39,85
8/2/2023,58,PM2.5,Oakridge - (OAK),41-039-2013,AQS,46,26,58
8/3/2023,62,PM2.5,Oakridge - (OAK),41-039-2013,AQS,41,28,62
8/4/2023,68,PM2.5,Oakridge - (OAK),41-039-2013,AQS,44,30,68
8/5/2023,64,PM2.5,Oakridge - (OAK),41-039-2013,AQS,43,23,64
8/6/2023,37,PM2.5,Oakridge - (OAK),41-039-2013,AQS,29,10,37
8/7/2023,59,PM2.5,Oakridge - (OAK),41-039-2013,AQS,28,21,59
8/8/2023,62,PM2.5,Oakridge - (OAK),41-039-2013,AQS,49,28,62
8/9/2023,37,PM2.5,Oakridge - (OAK),41-039-2013,AQS,30,18,37
8/10/2023,71,PM2.5,"
",41-039-0070,AQS,39,24,71
8/11/2023,85,PM2.5,Oakridge - (OAK),41-039-2013,AQS,39,39,85
8/12/2023,87,PM2.5,Oakridge - (OAK),41-039-2013,AQS,36,37,87
8/13/2023,63,PM2.5,Oakridge - (OAK),41-039-2013,AQS,49,25,63
8/14/2023,159,PM2.5,Oakridge - (OAK),41-039-2013,AQS,58,65,159
8/15/2023,192,PM2.5,Oakridge - (OAK),41-039-2013,AQS,61,94,192
8/16/2023,186,PM2.5,"
",41-039-0070,AQS,61,82,186
8/17/2023,165,PM2.5,Oakridge - (OAK),41-039-2013,AQS,33,68,165
8/18/2023,98,PM2.5,Oakridge - (OAK),41-039-2013,AQS,44,44,98
8/19/2023,157,PM2.5,Oakridge - (OAK),41-039-2013,AQS,40,64,157
8/20/2023,169,PM2.5,Oakridge - (OAK),41-039-2013,AQS,77,74,169
8/21/2023,133,PM2.5,Oakridge - (OAK),41-039-2013,AQS,41,54,133
8/22/2023,31,Ozone,Eugene - AMAZON PARK (EAP),41-039-0060,AQS,31,9,27
8/23/2023,81,PM2.5,Oakridge - (OAK),41-039-2013,AQS,42,33,81
8/24/2023,128,PM2.5,Cottage Grove - City Shops (CGC),41-039-9004,AQS,67,51,128
8/25/2023,158,PM2.5,Springfield - City Hall,41-039-1009,AQS,46,46,158
8/26/2023,127,PM2.5,Oakridge - (OAK),41-039-2013,AQS,41,50,127
8/27/2023,134,PM2.5,Cottage Grove - City Shops (CGC),41-039-9004,AQS,31,47,134
8/28/2023,94,PM2.5,Cottage Grove - City Shops (CGC),41-039-9004,AQS,28,21,94
8/29/2023,49,PM2.5,Eugene  Wilkes Drive,41-039-0101,AQS,28,8,49
8/30/2023,41,Ozone,Eugene - AMAZON PARK (EAP),41-039-0060,AQS,41,11,38
8/31/2023,66,PM2.5,Springfield - City Hall,41-039-1009,AQS,18,16,66
9/1/2023,56,PM2.5,Oakridge - (OAK),41-039-2013,AQS,26,13,56
9/2/2023,58,PM2.5,Eugene  Wilkes Drive,41-039-0101,AQS,35,10,58
9/3/2023,31,PM2.5,Cottage Grove - City Shops (CGC),41-039-9004,AQS,27,7,31
9/4/2023,36,Ozone,Eugene - AMAZON PARK (EAP),41-039-0060,AQS,36,6,20
9/5/2023,38,Ozone,Eugene - AMAZON PARK (EAP),41-039-0060,AQS,38,7,22
9/6/2023,41,Ozone,Eugene - AMAZON PARK (EAP),41-039-0060,AQS,41,11,30
9/7/2023,32,Ozone,Eugene - AMAZON PARK (EAP),41-039-0060,AQS,32,8,19
9/8/2023,37,Ozone,Eugene - AMAZON PARK (EAP),41-039-0060,AQS,37,11,25
9/9/2023,44,Ozone,Eugene - AMAZON PARK (EAP),41-039-0060,AQS,44,15,38
9/10/2023,36,Ozone,Eugene - AMAZON PARK (EAP),41-039-0060,AQS,36,12,31
9/11/2023,28,Ozone,Eugene - AMAZON PARK (EAP),41-039-0060,AQS,28,8,23
9/12/2023,34,Ozone,Eugene - AMAZON PARK (EAP),41-039-0060,AQS,34,7,18
9/13/2023,34,Ozone,Eugene - AMAZON PARK (EAP),41-039-0060,AQS,34,12,21
9/14/2023,44,Ozone,Eugene - AMAZON PARK (EAP),41-039-0060,AQS,44,13,42
9/15/2023,64,Ozone,Eugene - AMAZON PARK (EAP),41-039-0060,AQS,64,33,56
9/16/2023,58,PM2.5,Oakridge - (OAK),41-039-2013,AQS,36,21,58
9/17/2023,41,PM2.5,Oakridge - (OAK),41-039-2013,AQS,37,13,41
9/18/2023,31,Ozone,Eugene - Saginaw,41-039-1007,AQS,31,10,30
9/19/2023,33,Ozone,Eugene - Saginaw,41-039-1007,AQS,33,11,21
9/20/2023,31,Ozone,Eugene - AMAZON PARK (EAP),41-039-0060,AQS,31,7,25
9/21/2023,43,PM2.5,Springfield - City Hall,41-039-1009,AQS,33,20,43
9/22/2023,56,PM2.5,Springfield - City Hall,41-039-1009,AQS,37,9,56
9/23/2023,64,PM2.5,Cottage Grove - City Shops (CGC),41-039-9004,AQS,31,14,64
9/24/2023,105,PM2.5,Springfield - City Hall,41-039-1009,AQS,17,19,105
9/25/2023,56,PM2.5,Eugene - Hwy 99 (E99),41-039-0059,AQS,30,6,56
9/26/2023,30,Ozone,Eugene - AMAZON PARK (EAP),41-039-0060,AQS,30,3,23
9/27/2023,30,Ozone,Eugene - AMAZON PARK (EAP),41-039-0060,AQS,30,7,19
9/28/2023,29,Ozone,Eugene - AMAZON PARK (EAP),41-039-0060,AQS,29,6,18
9/29/2023,20,PM2.5,Eugene  Wilkes Drive,41-039-0101,AQS,15,4,20
9/30/2023,44,PM2.5,Eugene - Hwy 99 (E99),41-039-0059,AQS,28,7,44
10/1/2023,41,PM2.5,Eugene - Hwy 99 (E99),41-039-0059,AQS,28,9,41
10/2/2023,32,PM2.5,Eugene  Wilkes Drive,41-039-0101,AQS,18,8,32
10/3/2023,22,Ozone,Eugene - AMAZON PARK (EAP),41-039-0060,AirNow,22,4,17
10/4/2023,28,PM2.5,Eugene - Hwy 99 (E99),41-039-0059,AQS,24,9,28
10/5/2023,52,PM2.5,Eugene - Hwy 99 (E99),41-039-0059,AQS,.,9,52
10/6/2023,54,PM2.5,Eugene - Hwy 99 (E99),41-039-0059,AQS,.,12,54
10/7/2023,44,PM2.5,Eugene - Hwy 99 (E99),41-039-0059,AQS,.,12,44
10/8/2023,33,PM2.5,Springfield - City Hall,41-039-1009,AQS,.,10,33
10/9/2023,32,PM2.5,Eugene - Hwy 99 (E99),41-039-0059,AQS,.,11,32
10/10/2023,19,PM2.5,Eugene - Hwy 99 (E99),41-039-0059,AQS,.,5,19
10/11/2023,14,PM2.5,Eugene  Wilkes Drive,41-039-0101,AQS,.,4,14
10/12/2023,27,PM2.5,Eugene - Hwy 99 (E99),41-039-0059,AQS,.,6,27
10/13/2023,40,PM2.5,Eugene - Hwy 99 (E99),41-039-0059,AQS,.,7,40
10/14/2023,44,PM2.5,Springfield - City Hall,41-039-1009,AQS,.,8,44
10/15/2023,59,PM2.5,Eugene - Hwy 99 (E99),41-039-0059,AQS,.,17,59
10/16/2023,31,PM2.5,Eugene  Wilkes Drive,41-039-0101,AQS,.,11,31
10/17/2023,44,PM2.5,Eugene - Hwy 99 (E99),41-039-0059,AQS,.,9,44
10/18/2023,54,PM2.5,Eugene - Hwy 99 (E99),41-039-0059,AQS,.,17,54
10/19/2023,70,PM2.5,Eugene - Hwy 99 (E99),41-039-0059,AQS,.,18,70
10/20/2023,73,PM2.5,Eugene - Hwy 99 (E99),41-039-0059,AQS,.,17,73
10/21/2023,45,PM2.5,Eugene - Hwy 99 (E99),41-039-0059,AQS,.,12,45
10/22/2023,50,PM2.5,Eugene - Hwy 99 (E99),41-039-0059,AQS,.,8,50
10/23/2023,39,PM2.5,Eugene - Hwy 99 (E99),41-039-0059,AQS,.,11,39
10/24/2023,53,PM2.5,Oakridge - (OAK),41-039-2013,AQS,.,17,53
10/25/2023,22,PM2.5,Eugene - Hwy 99 (E99),41-039-0059,AQS,.,5,22
10/26/2023,38,PM2.5,Eugene - Hwy 99 (E99),41-039-0059,AQS,.,6,38
10/27/2023,61,PM2.5,Eugene - Hwy 99 (E99),41-039-0059,AQS,.,17,61
10/28/2023,63,PM2.5,Eugene - Hwy 99 (E99),41-039-0059,AQS,.,17,63
10/29/2023,71,PM2.5,Eugene - Hwy 99 (E99),41-039-0059,AQS,.,19,71
10/30/2023,82,PM2.5,Eugene - Hwy 99 (E99),41-039-0059,AQS,.,17,82
10/31/2023,100,PM2.5,Eugene - Hwy 99 (E99),41-039-0059,AQS,.,19,100
11/1/2023,75,PM2.5,Eugene - Hwy 99 (E99),41-039-0059,AQS,.,24,75
11/2/2023,47,PM2.5,Eugene - Hwy 99 (E99),41-039-0059,AQS,.,10,47
11/3/2023,63,PM2.5,Eugene - Hwy 99 (E99),41-039-0059,AQS,.,7,63
11/4/2023,27,PM2.5,Eugene - Hwy 99 (E99),41-039-0059,AQS,.,6,27
11/5/2023,25,PM2.5,Springfield - City Hall,41-039-1009,AQS,.,5,25
11/6/2023,17,PM2.5,Eugene - Hwy 99 (E99),41-039-0059,AQS,.,5,17
11/7/2023,42,PM2.5,Cottage Grove - City Shops (CGC),41-039-9004,AQS,.,8,42
11/8/2023,67,PM2.5,Eugene - Hwy 99 (E99),41-039-0059,AQS,.,16,67
11/9/2023,64,PM2.5,Cottage Grove - City Shops (CGC),41-039-9004,AQS,.,7,64
11/10/2023,88,PM2.5,Cottage Grove - City Shops (CGC),41-039-9004,AQS,.,15,88
11/11/2023,55,PM2.5,Cottage Grove - City Shops (CGC),41-039-9004,AQS,.,11,55
11/12/2023,43,PM2.5,Cottage Grove - City Shops (CGC),41-039-9004,AQS,.,12,43
11/13/2023,27,PM2.5,Oakridge - (OAK),41-039-2013,AQS,.,9,27
11/14/2023,52,PM2.5,Cottage Grove - City Shops (CGC),41-039-9004,AQS,.,10,52
11/15/2023,78,PM2.5,Eugene - Hwy 99 (E99),41-039-0059,AQS,.,10,78
11/16/2023,62,PM2.5,Eugene - Hwy 99 (E99),41-039-0059,AQS,.,14,62
11/17/2023,56,PM2.5,Eugene - Hwy 99 (E99),41-039-0059,AQS,.,12,56
11/18/2023,63,PM2.5,Eugene - Hwy 99 (E99),41-039-0059,AQS,.,12,63
11/19/2023,32,PM2.5,Cottage Grove - City Shops (CGC),41-039-9004,AQS,.,7,32
11/20/2023,54,PM2.5,Eugene - Hwy 99 (E99),41-039-0059,AQS,.,10,54
11/21/2023,59,PM2.5,Eugene - Hwy 99 (E99),41-039-0059,AQS,.,19,59
11/22/2023,35,PM2.5,Eugene  Wilkes Drive,41-039-0101,AQS,.,11,35
11/23/2023,33,PM2.5,Eugene - Hwy 99 (E99),41-039-0059,AQS,.,6,33
11/24/2023,54,PM2.5,Eugene - Hwy 99 (E99),41-039-0059,AQS,.,12,54
11/25/2023,85,PM2.5,Eugene - Hwy 99 (E99),41-039-0059,AQS,.,14,85
11/26/2023,103,PM2.5,Eugene - Hwy 99 (E99),41-039-0059,AQS,.,36,103
11/27/2023,104,PM2.5,Eugene - Hwy 99 (E99),41-039-0059,AQS,.,16,104
11/28/2023,94,PM2.5,Eugene - Hwy 99 (E99),41-039-0059,AQS,.,18,94
11/29/2023,111,PM2.5,Eugene - Hwy 99 (E99),41-039-0059,AQS,.,24,111
11/30/2023,76,PM2.5,Eugene - Hwy 99 (E99),41-039-0059,AQS,.,20,76
12/1/2023,41,PM2.5,Cottage Grove - City Shops (CGC),41-039-9004,AQS,.,8,41
12/2/2023,38,PM2.5,Oakridge - (OAK),41-039-2013,AQS,.,10,38
12/3/2023,41,PM2.5,Oakridge - (OAK),41-039-2013,AQS,.,11,41
12/4/2023,41,PM2.5,Cottage Grove - City Shops (CGC),41-039-9004,AQS,.,8,41
12/5/2023,58,PM2.5,Cottage Grove - City Shops (CGC),41-039-9004,AQS,.,14,58
12/6/2023,40,PM2.5,Oakridge - (OAK),41-039-2013,AQS,.,10,40
12/7/2023,20,PM2.5,Oakridge - (OAK),41-039-2013,AQS,.,6,20
12/8/2023,31,PM2.5,Cottage Grove - City Shops (CGC),41-039-9004,AQS,.,6,31
12/9/2023,33,PM2.5,Oakridge - (OAK),41-039-2013,AQS,.,10,33
12/10/2023,40,PM2.5,Cottage Grove - City Shops (CGC),41-039-9004,AQS,.,8,40
12/11/2023,30,PM2.5,Oakridge - (OAK),41-039-2013,AQS,.,6,30
12/12/2023,39,PM2.5,Eugene - Hwy 99 (E99),41-039-0059,AQS,.,7,39
12/13/2023,54,PM2.5,Eugene - Hwy 99 (E99),41-039-0059,AQS,.,14,54
12/14/2023,62,PM2.5,Eugene  Wilkes Drive,41-039-0101,AQS,.,19,62
12/15/2023,62,PM2.5,Eugene - Hwy 99 (E99),41-039-0059,AQS,.,17,62
12/16/2023,60,PM2.5,Oakridge - (OAK),41-039-2013,AQS,.,18,60
12/17/2023,72,PM2.5,Eugene - Hwy 99 (E99),41-039-0059,AQS,.,21,72
12/18/2023,92,PM2.5,Eugene - Hwy 99 (E99),41-039-0059,AQS,.,26,92
12/19/2023,71,PM2.5,Oakridge - (OAK),41-039-2013,AQS,.,.,71
12/20/2023,51,PM2.5,Eugene - Hwy 99 (E99),41-039-0059,AQS,.,7,51
12/21/2023,28,PM2.5,Oakridge - (OAK),41-039-2013,AQS,.,9,28
12/22/2023,38,PM2.5,Eugene - Hwy 99 (E99),41-039-0059,AQS,.,8,38
12/23/2023,31,PM2.5,Eugene  Wilkes Drive,41-039-0101,AQS,.,6,31
12/24/2023,54,PM2.5,Oakridge - (OAK),41-039-2013,AQS,.,13,54
12/25/2023,57,PM2.5,Oakridge - (OAK),41-039-2013,AQS,.,16,57
12/26/2023,57,PM2.5,Oakridge - (OAK),41-039-2013,AQS,.,15,57
12/27/2023,63,PM2.5,Oakridge - (OAK),41-039-2013,AQS,.,18,63
12/28/2023,75,PM2.5,Oakridge - (OAK),41-039-2013,AQS,.,24,75
12/29/2023,59,PM2.5,Oakridge - (OAK),41-039-2013,AQS,.,.,59
12/30/2023,33,PM2.5,Eugene - Hwy 99 (E99),41-039-0059,AQS,.,.,33
12/31/2023,34,PM2.5,Eugene - Hwy 99 (E99),41-039-0059,AQS,.,.,34
